date,code,close,high,low,volume,topix_close
2025-01-06,90001,1776.5,1787.3,1771.1,143548,2505.2
2025-01-07,90001,1739.9,1751.3,1720.3,164491,2490.24
2025-01-08,90001,1729.6,1767.2,1713.2,231529,2502.1
2025-01-09,90001,1741.6,1781.6,1700.1,218691,2516.89
2025-01-10,90001,1737.5,1749.4,1710.9,242912,2488.22
2025-01-13,90001,1740.9,1763.2,1705.1,321567,2469.48
2025-01-14,90001,1758.3,1791.5,1747.9,118605,2471.99
2025-01-15,90001,1779.8,1819.3,1736.2,309347,2467.92
2025-01-16,90001,1779.0,1798.1,1755.0,220638,2468.29
2025-01-17,90001,1801.1,1826.1,1777.1,204855,2456.3
2025-01-20,90001,1802.9,1837.3,1759.1,131464,2469.91
2025-01-21,90001,1789.7,1823.4,1770.5,262353,2482.09
2025-01-22,90001,1780.5,1816.1,1760.7,94508,2483.69
2025-01-23,90001,1757.3,1783.8,1730.1,276045,2501.17
2025-01-24,90001,1743.6,1751.3,1735.0,130502,2508.82
2025-01-27,90001,1738.3,1777.9,1722.0,224155,2496.55
2025-01-28,90001,1751.2,1789.6,1739.9,211012,2502.7
2025-01-29,90001,1778.9,1815.1,1771.1,331280,2488.97
2025-01-30,90001,1757.2,1764.7,1718.7,206664,2502.75
2025-01-31,90001,1763.7,1775.5,1736.3,172548,2502.62
2025-02-03,90001,1747.6,1781.0,1729.7,184254,2500.47
2025-02-04,90001,1755.4,1759.8,1735.4,343482,2490.9
2025-02-05,90001,1753.6,1796.7,1732.7,265424,2509.87
2025-02-06,90001,1725.3,1743.7,1696.7,192223,2508.17
2025-02-07,90001,1740.1,1772.4,1699.5,202526,2502.35
2025-02-10,90001,1730.9,1769.7,1690.4,127117,2497.7
2025-02-11,90001,1723.0,1742.0,1704.0,252041,2506.31
2025-02-12,90001,1706.8,1722.7,1690.4,118829,2512.44
2025-02-13,90001,1697.0,1724.2,1676.0,286218,2519.3
2025-02-14,90001,1703.9,1730.1,1678.2,230130,2526.46
2025-02-17,90001,1701.3,1720.7,1679.8,507278,2559.77
2025-02-18,90001,1706.7,1733.7,1677.4,149692,2554.17
2025-02-19,90001,1712.5,1752.8,1687.3,212235,2546.97
2025-02-20,90001,1733.3,1755.4,1717.1,412826,2535.2
2025-02-21,90001,1728.3,1739.6,1711.1,333824,2545.22
2025-02-24,90001,1705.8,1724.0,1687.5,172423,2563.16
2025-02-25,90001,1722.6,1741.6,1715.4,237939,2562.05
2025-02-26,90001,1717.7,1726.3,1707.7,220154,2549.81
2025-02-27,90001,1735.4,1745.3,1703.0,242817,2537.86
2025-02-28,90001,1741.7,1772.6,1722.6,172274,2548.42
2025-03-03,90001,1739.9,1757.0,1727.9,213228,2560.45
2025-03-04,90001,1745.7,1787.5,1719.6,125751,2569.45
2025-03-05,90001,1777.0,1790.5,1742.5,230654,2559.85
2025-03-06,90001,1810.8,1818.6,1796.5,257529,2564.06
2025-03-07,90001,1812.3,1847.3,1774.2,203167,2566.5
2025-03-10,90001,1815.2,1855.6,1772.9,125005,2570.51
2025-03-11,90001,1833.2,1848.6,1804.4,310944,2584.63
2025-03-12,90001,1819.6,1831.7,1788.0,249937,2588.75
2025-03-13,90001,1825.4,1836.9,1819.6,170634,2599.97
2025-03-14,90001,1825.3,1850.9,1782.0,199420,2601.67
2025-03-17,90001,1830.8,1854.2,1810.6,130111,2606.84
2025-03-18,90001,1817.5,1832.0,1775.2,153658,2617.39
2025-03-19,90001,1792.0,1797.4,1764.5,182252,2595.25
2025-03-20,90001,1759.2,1782.2,1755.5,338178,2590.93
2025-03-21,90001,1741.9,1783.8,1736.9,175879,2584.27
2025-03-24,90001,1735.0,1764.5,1704.4,275256,2575.03
2025-03-25,90001,1730.8,1753.9,1704.9,182220,2571.42
2025-03-26,90001,1761.5,1769.5,1756.9,239944,2595.24
2025-03-27,90001,1779.5,1793.3,1745.5,209377,2582.44
2025-03-28,90001,1764.4,1779.9,1726.3,298627,2598.13
2025-03-31,90001,1770.3,1805.0,1746.5,182444,2572.68
2025-04-01,90001,1764.1,1803.2,1741.7,126880,2568.15
2025-04-02,90001,1759.9,1800.0,1756.2,135632,2571.3
2025-04-03,90001,1763.2,1806.6,1727.8,182631,2581.01
2025-04-04,90001,1773.4,1817.0,1756.3,142089,2592.7
2025-04-07,90001,1768.3,1810.6,1729.0,253966,2605.72
2025-04-08,90001,1785.6,1792.1,1766.7,186906,2600.92
2025-04-09,90001,1767.7,1776.8,1741.2,505091,2594.37
2025-04-10,90001,1768.1,1784.0,1753.6,119752,2608.41
2025-04-11,90001,1810.2,1836.9,1799.9,236252,2606.07
2025-04-14,90001,1814.2,1821.9,1778.2,148241,2586.84
2025-04-15,90001,1838.1,1877.5,1813.4,185107,2569.95
2025-04-16,90001,1839.9,1869.7,1813.5,231163,2556.45
2025-04-17,90001,1849.9,1876.7,1805.1,97489,2564.73
2025-04-18,90001,1849.3,1860.0,1804.6,239012,2567.57
2025-04-21,90001,1846.8,1861.2,1806.8,428223,2578.87
2025-04-22,90001,1834.2,1844.6,1822.6,187714,2572.91
2025-04-23,90001,1841.7,1881.4,1812.8,240942,2576.0
2025-04-24,90001,1827.9,1856.1,1787.4,314929,2586.34
2025-04-25,90001,1839.2,1874.0,1819.7,207730,2582.19
2025-04-28,90001,1857.6,1874.0,1849.6,179520,2589.92
2025-04-29,90001,1864.1,1883.7,1825.6,99198,2580.3
2025-04-30,90001,1859.6,1880.7,1835.3,275331,2575.33
2025-05-01,90001,1867.6,1904.0,1839.6,211456,2570.08
2025-05-02,90001,1862.7,1899.6,1816.9,154344,2552.34
2025-05-05,90001,1878.8,1891.5,1848.8,229967,2560.45
2025-05-06,90001,1848.5,1892.2,1826.7,179350,2553.89
2025-05-07,90001,1843.2,1852.0,1823.8,182852,2554.72
2025-05-08,90001,1810.8,1851.7,1789.8,272007,2562.74
2025-05-09,90001,1786.9,1794.6,1778.5,137716,2570.26
2025-05-12,90001,1809.3,1823.9,1772.6,317407,2581.18
2025-05-13,90001,1824.3,1863.4,1785.5,134886,2580.31
2025-05-14,90001,1812.8,1823.9,1797.3,174457,2574.4
2025-05-15,90001,1788.8,1809.4,1772.7,431237,2573.82
2025-05-16,90001,1742.0,1763.5,1703.5,326425,2548.53
2025-05-19,90001,1733.8,1747.1,1729.4,227645,2527.13
2025-05-20,90001,1772.3,1804.8,1747.6,158292,2507.78
2025-05-21,90001,1779.6,1818.0,1757.1,182798,2493.44
2025-05-22,90001,1771.0,1810.2,1739.3,225715,2500.05
2025-05-23,90001,1778.7,1796.2,1768.5,222908,2487.13
2025-05-26,90001,1754.2,1779.2,1723.8,213113,2482.11
2025-05-27,90001,1749.9,1763.4,1731.2,217638,2502.16
2025-05-28,90001,1751.7,1765.1,1723.3,204097,2497.44
2025-05-29,90001,1750.7,1760.7,1745.6,132812,2509.15
2025-05-30,90001,1763.5,1805.2,1741.3,183616,2495.75
2025-06-02,90001,1769.3,1809.0,1744.5,303003,2493.3
2025-06-03,90001,1780.3,1815.7,1768.0,136279,2479.75
2025-06-04,90001,1769.6,1794.3,1760.4,205877,2475.33
2025-06-05,90001,1784.3,1808.0,1773.0,165126,2488.47
2025-06-06,90001,1811.0,1836.7,1793.0,228743,2463.42
2025-06-09,90001,1795.6,1821.3,1788.0,192021,2470.47
2025-06-10,90001,1781.6,1803.0,1739.2,368969,2474.62
2025-06-11,90001,1803.5,1812.6,1783.1,262678,2466.43
2025-06-12,90001,1800.7,1809.5,1763.6,139003,2445.73
2025-06-13,90001,1823.9,1867.5,1779.4,278260,2447.4
2025-06-16,90001,1817.0,1840.8,1810.0,167754,2440.25
2025-06-17,90001,1841.3,1885.3,1810.0,179770,2444.27
2025-06-18,90001,1843.8,1854.4,1803.2,245541,2445.2
2025-06-19,90001,1848.4,1875.7,1817.8,185214,2469.43
2025-06-20,90001,1875.0,1887.7,1852.7,300704,2466.5
2025-06-23,90001,1869.2,1883.8,1846.9,167762,2452.02
2025-06-24,90001,1853.8,1858.8,1848.5,177149,2455.27
2025-06-25,90001,1846.6,1855.4,1820.2,174844,2459.13
2025-06-26,90001,1854.5,1897.3,1808.4,180486,2479.88
2025-06-27,90001,1828.9,1846.1,1784.9,323223,2492.96
2025-06-30,90001,1839.7,1869.2,1834.4,274158,2498.93
2025-07-01,90001,1831.2,1854.4,1797.8,400257,2521.6
2025-07-02,90001,1850.5,1871.3,1834.0,486532,2504.3
2025-07-03,90001,1811.4,1837.2,1770.2,153373,2495.33
2025-07-04,90001,1798.9,1810.3,1793.5,225489,2482.12
2025-07-07,90001,1772.2,1816.0,1730.5,145759,2476.94
2025-07-08,90001,1759.4,1796.0,1721.9,167580,2457.18
2025-07-09,90001,1763.6,1797.2,1755.3,176460,2467.18
2025-07-10,90001,1761.1,1783.6,1755.1,151960,2464.5
2025-07-11,90001,1757.4,1767.1,1720.1,152241,2443.46
2025-07-14,90001,1755.2,1795.9,1745.4,209165,2429.23
2025-07-15,90001,1758.7,1776.0,1733.6,143706,2434.41
2025-07-16,90001,1743.1,1748.6,1702.9,295412,2447.29
2025-07-17,90001,1754.6,1771.9,1728.2,159559,2477.41
2025-07-18,90001,1765.4,1801.2,1745.7,588146,2521.73
2025-07-21,90001,1771.8,1800.8,1750.2,187849,2528.64
2025-07-22,90001,1781.1,1815.4,1774.9,225615,2514.3
2025-07-23,90001,1786.1,1822.3,1742.8,139806,2482.96
2025-07-24,90001,1819.5,1832.0,1802.8,399718,2487.58
2025-07-25,90001,1818.4,1860.6,1806.8,325529,2476.09
2025-07-28,90001,1813.7,1835.6,1798.1,244092,2470.55
2025-07-29,90001,1801.8,1831.8,1758.2,137310,2462.11
2025-07-30,90001,1785.4,1789.1,1778.0,236834,2460.64
2025-07-31,90001,1765.8,1809.7,1727.1,148580,2477.05
2025-08-01,90001,1752.1,1766.9,1720.1,367033,2480.0
2025-08-04,90001,1751.3,1757.3,1714.4,292026,2478.26
2025-08-05,90001,1756.9,1778.9,1713.9,227472,2463.53
2025-08-06,90001,1758.0,1766.7,1720.4,93774,2439.51
2025-08-07,90001,1746.3,1755.9,1704.9,155933,2433.01
2025-08-08,90001,1760.8,1789.9,1752.1,279875,2432.83
2025-08-11,90001,1772.8,1792.4,1736.9,336344,2459.39
2025-08-12,90001,1770.6,1811.7,1744.9,324354,2461.93
2025-08-13,90001,1760.6,1777.0,1735.0,126017,2477.11
2025-08-14,90001,1769.6,1802.7,1729.5,244489,2470.32
2025-08-15,90001,1772.9,1795.3,1729.7,313894,2453.43
2025-08-18,90001,1750.3,1780.3,1718.4,123126,2439.87
2025-08-19,90001,1749.5,1777.1,1726.6,219392,2429.89
2025-08-20,90001,1754.0,1776.5,1732.0,242129,2461.73
2025-08-21,90001,1740.1,1781.6,1721.2,198018,2450.24
2025-08-22,90001,1743.4,1760.6,1725.4,115050,2463.22
2025-08-25,90001,1721.0,1731.5,1702.1,196297,2450.52
2025-08-26,90001,1742.2,1772.8,1735.1,196187,2464.87
2025-08-27,90001,1762.2,1800.0,1755.5,208888,2471.19
2025-08-28,90001,1758.5,1763.6,1723.4,180623,2469.48
2025-08-29,90001,1764.6,1786.4,1742.9,188401,2469.5
2025-09-01,90001,1727.0,1765.9,1686.6,216963,2460.43
2025-09-02,90001,1709.5,1742.3,1682.0,256848,2467.64
2025-09-03,90001,1705.2,1747.6,1700.5,197764,2461.53
2025-09-04,90001,1689.2,1713.2,1679.7,190613,2444.1
2025-09-05,90001,1700.4,1729.6,1688.9,227227,2426.04
2025-09-08,90001,1731.5,1747.0,1689.2,112314,2429.16
2025-09-09,90001,1713.6,1754.4,1701.6,259976,2452.9
2025-09-10,90001,1701.0,1718.8,1677.5,219956,2455.87
2025-09-11,90001,1705.0,1737.3,1664.8,223077,2454.74
2025-09-12,90001,1730.2,1749.7,1687.8,307933,2459.56
2025-09-15,90001,1711.5,1737.1,1698.8,111067,2479.53
2025-09-16,90001,1715.7,1747.5,1710.3,110253,2483.42
2025-09-17,90001,1744.4,1768.3,1734.7,242126,2477.92
2025-09-18,90001,1718.9,1758.2,1713.0,219452,2495.05
2025-09-19,90001,1699.5,1719.3,1688.5,233501,2502.1
2025-09-22,90001,1693.4,1722.0,1667.8,187144,2525.9
2025-09-23,90001,1685.8,1702.4,1647.0,277591,2529.31
2025-09-24,90001,1698.4,1717.8,1674.1,304920,2511.42
2025-09-25,90001,1702.4,1723.1,1674.5,260609,2491.51
2025-09-26,90001,1675.8,1684.0,1664.6,200805,2516.94
2025-09-29,90001,1683.9,1690.8,1649.5,105207,2543.74
2025-09-30,90001,1675.4,1704.5,1648.3,287971,2541.64
2025-10-01,90001,1695.1,1724.0,1658.0,337387,2536.44
2025-10-02,90001,1685.8,1714.9,1645.7,275675,2559.42
2025-10-03,90001,1676.5,1680.6,1659.7,161701,2543.11
2025-10-06,90001,1685.0,1701.0,1678.1,278510,2530.13
2025-10-07,90001,1696.9,1708.0,1684.7,297321,2540.55
2025-10-08,90001,1704.1,1738.0,1683.5,379636,2535.17
2025-10-09,90001,1678.7,1715.3,1638.8,161901,2535.73
2025-10-10,90001,1687.2,1700.1,1669.1,203236,2533.88
2025-10-13,90001,1671.8,1700.8,1638.8,285765,2539.65
2025-10-14,90001,1675.7,1684.0,1651.5,224465,2561.83
2025-10-15,90001,1654.6,1668.4,1644.4,148794,2563.86
2025-10-16,90001,1661.6,1670.2,1646.0,254358,2574.43
2025-10-17,90001,1649.9,1663.9,1621.8,269389,2543.59
2025-10-20,90001,1631.2,1659.8,1602.7,226878,2543.48
2025-10-21,90001,1642.0,1679.7,1622.3,237574,2531.28
2025-10-22,90001,1645.9,1656.9,1634.0,200954,2513.46
2025-10-23,90001,1637.1,1660.8,1606.7,369084,2500.88
2025-10-24,90001,1659.0,1689.0,1649.2,160514,2496.5
2025-10-27,90001,1652.7,1692.2,1613.8,179121,2510.88
2025-10-28,90001,1653.5,1680.0,1643.0,220847,2491.6
2025-10-29,90001,1657.8,1670.8,1650.4,299244,2492.68
2025-10-30,90001,1648.8,1675.9,1626.7,130261,2486.07
2025-10-31,90001,1656.1,1671.7,1633.0,139076,2481.81
2025-11-03,90001,1648.5,1688.8,1625.9,107815,2497.41
2025-11-04,90001,1642.7,1661.1,1622.9,222531,2506.11
2025-11-05,90001,1663.3,1692.8,1621.9,148743,2526.94
2025-11-06,90001,1648.1,1652.2,1626.3,192295,2525.23
2025-11-07,90001,1613.0,1631.0,1592.0,277302,2515.33
2025-11-10,90001,1636.8,1673.0,1617.7,175754,2512.58
2025-11-11,90001,1675.1,1702.0,1669.2,238549,2516.87
2025-11-12,90001,1669.3,1689.7,1643.2,198117,2520.17
2025-11-13,90001,1640.8,1679.4,1628.9,278346,2504.45
2025-11-14,90001,1636.5,1671.9,1609.2,259802,2506.44
2025-11-17,90001,1632.6,1647.9,1627.4,172681,2510.5
2025-11-18,90001,1630.1,1653.7,1590.0,207389,2549.35
2025-11-19,90001,1614.1,1635.5,1593.5,317011,2578.86
2025-11-20,90001,1622.8,1649.7,1586.1,252474,2566.33
2025-11-21,90001,1630.8,1646.6,1609.7,134921,2562.55
2025-11-24,90001,1609.3,1621.6,1603.9,276744,2540.79
2025-11-25,90001,1619.8,1657.0,1585.9,150507,2532.43
2025-11-26,90001,1650.3,1688.6,1622.3,360685,2537.86
2025-11-27,90001,1653.1,1688.5,1620.1,314839,2556.93
2025-11-28,90001,1648.4,1688.8,1628.9,243492,2546.41
2025-12-01,90001,1646.6,1678.1,1619.1,232446,2537.07
2025-12-02,90001,1656.0,1688.5,1620.1,204479,2505.22
2025-12-03,90001,1630.7,1662.6,1603.8,278971,2503.4
2025-12-04,90001,1633.4,1654.8,1617.1,193224,2488.11
2025-12-05,90001,1628.0,1648.3,1599.9,238907,2480.84
2025-12-08,90001,1655.6,1668.1,1626.7,298510,2468.44
2025-12-09,90001,1653.3,1681.1,1613.5,180728,2467.66
2025-12-10,90001,1678.6,1693.1,1660.9,177320,2442.38
2025-12-11,90001,1662.3,1675.5,1642.7,144835,2421.59
2025-12-12,90001,1671.4,1697.3,1636.9,151572,2453.33
2025-12-15,90001,1676.5,1695.7,1653.7,116011,2435.06
2025-12-16,90001,1663.8,1675.5,1632.3,284026,2419.7
2025-12-17,90001,1666.7,1701.3,1645.8,414365,2447.13
2025-12-18,90001,1685.3,1722.1,1673.6,362307,2490.78
2025-12-19,90001,1680.7,1690.6,1648.6,124523,2473.95
2025-12-22,90001,1655.6,1659.2,1647.3,283532,2469.1
2025-12-23,90001,1655.7,1671.8,1644.8,361898,2474.79
2025-12-24,90001,1642.6,1676.0,1615.6,187493,2501.22
2025-12-25,90001,1637.8,1672.7,1606.4,227951,2487.07
2025-12-26,90001,1636.9,1645.4,1599.9,108947,2484.04
2025-12-29,90001,1612.2,1644.2,1598.9,241527,2496.27
2025-12-30,90001,1589.3,1596.7,1582.0,151620,2503.42
2025-12-31,90001,1596.5,1614.0,1558.2,235921,2498.4
2026-01-01,90001,1589.2,1628.9,1580.4,127384,2497.02
2026-01-02,90001,1553.3,1563.3,1543.1,266035,2477.12
2026-01-05,90001,1564.6,1573.2,1550.9,314884,2474.2
2026-01-06,90001,1568.7,1587.1,1546.4,167254,2470.87
2026-01-07,90001,1558.9,1584.2,1524.1,147777,2474.93
2026-01-08,90001,1540.8,1577.0,1510.8,103442,2467.32
2026-01-09,90001,1552.7,1590.9,1524.3,200413,2474.93
2026-01-12,90001,1557.9,1563.5,1548.5,179481,2490.63
2026-01-13,90001,1592.0,1600.2,1575.7,127838,2493.58
2026-01-14,90001,1598.3,1630.5,1577.5,257800,2499.47
2026-01-15,90001,1604.2,1617.4,1595.5,187942,2500.9
2026-01-16,90001,1602.0,1637.8,1588.8,150975,2501.52
2026-01-19,90001,1614.1,1642.0,1599.5,181186,2491.34
2026-01-20,90001,1623.5,1631.0,1615.5,320084,2496.7
2026-01-21,90001,1642.2,1677.0,1618.2,271688,2495.87
2026-01-22,90001,1634.8,1644.7,1605.1,210212,2528.04
2026-01-23,90001,1628.7,1647.9,1622.9,273230,2552.66
2026-01-26,90001,1622.0,1645.9,1600.8,146541,2559.21
2026-01-27,90001,1633.9,1656.0,1601.2,222506,2548.16
2026-01-28,90001,1656.4,1685.8,1624.6,231641,2531.84
2026-01-29,90001,1649.9,1677.9,1615.6,186640,2550.64
2026-01-30,90001,1643.9,1684.7,1623.6,256220,2555.3
2026-02-02,90001,1187.1,1216.8,1162.4,167415,2563.31
2026-02-03,90001,1184.7,1201.2,1175.8,262976,2537.26
2026-02-04,90001,1195.1,1200.1,1182.8,266874,2552.05
2026-02-05,90001,1171.4,1193.3,1164.3,79251,2559.66
2026-02-06,90001,1162.9,1191.4,1148.1,333697,2543.3
2026-02-09,90001,1155.0,1165.7,1142.2,75713,2536.75
2026-02-10,90001,1131.3,1145.5,1122.8,177329,2541.4
2026-02-11,90001,1121.7,1134.9,1100.1,314976,2542.84
2026-02-12,90001,1112.7,1116.3,1102.5,196876,2539.02
2026-02-13,90001,1110.9,1130.3,1101.7,131691,2538.08
2026-02-16,90001,1122.3,1133.7,1116.7,150027,2534.87
2026-02-17,90001,1120.0,1142.5,1106.5,315148,2537.83
2026-02-18,90001,1109.9,1133.3,1099.9,112291,2560.98
2026-02-19,90001,1109.5,1132.7,1097.9,326612,2522.47
2026-02-20,90001,1120.2,1133.2,1111.9,215797,2519.52
2026-02-23,90001,1110.6,1121.1,1088.9,144935,2522.82
2026-02-24,90001,1101.8,1123.0,1076.0,179385,2527.93
2026-02-25,90001,1107.5,1130.2,1092.6,154099,2522.93
2026-02-26,90001,1105.5,1120.2,1087.0,297914,2497.1
2026-02-27,90001,1112.2,1137.2,1087.8,284285,2502.65
2026-03-02,90001,1112.2,1118.1,1084.5,120532,2529.35
2026-03-03,90001,1119.5,1144.4,1101.5,191018,2506.81
2026-03-04,90001,1109.3,1114.0,1084.4,162635,2520.46
2026-03-05,90001,1109.4,1115.5,1084.0,345971,2516.13
2026-03-06,90001,1107.5,1123.3,1085.1,137152,2515.83
2026-03-09,90001,1095.6,1099.5,1081.8,385718,2500.61
2026-03-10,90001,1080.5,1084.0,1076.3,217451,2496.22
2026-03-11,90001,1087.4,1089.6,1084.8,146489,2516.4
2026-03-12,90001,1084.2,1097.2,1070.1,173570,2525.84
2026-03-13,90001,1074.4,1095.7,1060.1,166178,2552.87
2026-03-16,90001,1073.7,1076.7,1061.5,140824,2571.61
2026-03-17,90001,1084.8,1103.3,1068.5,227424,2579.04
2026-03-18,90001,1063.0,1085.2,1047.4,143144,2606.82
2026-03-19,90001,1049.0,1055.1,1026.7,102565,2614.35
2026-03-20,90001,1040.5,1046.1,1035.8,192624,2628.03
2026-03-23,90001,1054.4,1077.4,1046.9,117053,2624.01
2026-03-24,90001,1057.3,1079.4,1035.9,169079,2625.72
2026-03-25,90001,1064.8,1080.2,1041.9,160042,2615.41
2026-03-26,90001,1054.1,1076.1,1027.9,162179,2631.64
2026-03-27,90001,1043.8,1048.1,1020.7,443174,2613.75
2026-03-30,90001,1048.2,1059.8,1024.6,224386,2626.71
2026-03-31,90001,1048.9,1068.8,1039.2,239728,2624.36
2026-04-01,90001,1054.3,1062.6,1042.4,118142,2643.53
2026-04-02,90001,1052.7,1073.0,1044.1,174992,2656.13
2026-04-03,90001,1055.5,1069.9,1038.7,237218,2685.97
2026-04-06,90001,1057.2,1077.6,1032.3,153706,2698.45
2026-04-07,90001,1064.8,1078.4,1054.3,302308,2673.79
2026-04-08,90001,1072.8,1084.0,1056.9,144413,2673.38
2026-04-09,90001,1057.5,1064.9,1048.1,199018,2655.31
2026-04-10,90001,1036.5,1043.5,1030.4,179201,2647.73
2026-04-13,90001,1046.1,1066.2,1039.3,233023,2672.52
2026-04-14,90001,1057.5,1062.5,1054.0,175819,2683.43
2026-04-15,90001,1048.0,1052.2,1023.0,200099,2672.87
2026-04-16,90001,1030.8,1037.0,1019.2,202549,2657.32
2026-04-17,90001,1031.9,1038.1,1010.0,170134,2658.51
2026-04-20,90001,1040.8,1062.6,1022.4,260710,2639.84
2026-04-21,90001,1057.9,1069.7,1051.1,239143,2629.88
2026-04-22,90001,1063.0,1089.4,1056.6,213281,2635.47
2026-04-23,90001,1059.7,1065.2,1037.8,189230,2654.47
2026-04-24,90001,1051.4,1069.3,1042.9,290736,2664.85
2026-04-27,90001,1051.7,1064.7,1027.5,202570,2629.12
2026-04-28,90001,1049.1,1060.6,1043.6,197607,2634.58
2026-04-29,90001,1039.7,1062.7,1021.4,228210,2636.38
2026-04-30,90001,1059.2,1085.1,1037.3,398390,2643.6
2026-05-01,90001,1076.6,1100.4,1068.6,137620,2670.02
2026-05-04,90001,1089.2,1096.2,1080.1,288033,2637.83
2026-05-05,90001,1081.7,1089.4,1055.6,113410,2629.15
2026-05-06,90001,1091.6,1110.3,1082.8,237382,2639.15
2026-05-07,90001,1099.5,1109.0,1086.4,381803,2614.88
2026-05-08,90001,1105.4,1126.3,1092.2,261036,2638.8
2026-05-11,90001,1119.5,1136.3,1110.7,233538,2645.3
2026-05-12,90001,1127.5,1144.0,1105.1,180814,2659.43
2026-05-13,90001,1136.6,1160.5,1114.1,222403,2651.0
2026-05-14,90001,1144.7,1165.7,1132.5,201422,2664.64
2026-05-15,90001,965.8,968.4,945.4,167090,2682.45
2026-05-18,90001,951.8,954.8,945.3,198774,2686.87
2026-05-19,90001,953.8,968.9,951.9,235818,2691.33
2026-05-20,90001,950.5,963.0,936.0,168191,2696.37
2026-05-21,90001,940.8,948.4,917.4,165907,2683.11
2026-05-22,90001,956.5,967.7,953.7,136666,2681.41
2026-05-25,90001,972.9,991.8,966.3,252240,2679.62
2026-05-26,90001,986.2,1006.9,972.5,266264,2686.47
2026-05-27,90001,989.9,1004.6,969.4,238580,2703.31
2026-05-28,90001,1003.4,1014.2,999.3,308412,2686.86
2026-05-29,90001,1004.8,1013.1,993.7,226870,2685.52
2026-06-01,90001,1008.1,1022.2,988.8,252353,2710.17
2026-06-02,90001,999.6,1008.8,989.0,244684,2698.78
2026-06-03,90001,1004.6,1019.6,998.2,213063,2686.17
2026-06-04,90001,1006.5,1024.1,999.9,182698,2690.11
2026-06-05,90001,996.1,999.6,984.7,477508,2704.45
2026-06-08,90001,997.0,999.0,984.1,187812,2705.31
2026-06-09,90001,997.7,1004.6,975.9,174263,2727.65
2026-06-10,90001,1015.3,1038.2,998.3,256090,2742.39
2026-06-11,90001,1025.0,1042.2,1006.6,240273,2756.97
2026-06-12,90001,1026.4,1032.5,1001.2,134551,2766.84
2026-06-15,90001,1030.2,1053.3,1018.3,325891,2806.46
2026-06-16,90001,1031.9,1045.2,1020.3,212865,2803.7
2026-06-17,90001,1031.5,1044.9,1007.5,149127,2770.89
2026-06-18,90001,1022.9,1046.9,1015.1,333519,2798.39
2026-06-19,90001,1022.9,1026.3,1003.6,273859,2791.42
2026-06-22,90001,1017.4,1024.5,997.8,141321,2793.92
2026-06-23,90001,1007.4,1023.0,1003.1,409788,2816.67
2026-06-24,90001,1013.4,1020.0,1000.4,277052,2790.42
2026-06-25,90001,1018.3,1036.3,1011.6,219216,2770.23
2026-06-26,90001,1003.5,1010.4,997.2,383831,2744.43
2026-06-29,90001,1003.7,1008.0,991.0,232614,2732.07
2026-06-30,90001,1014.1,1021.0,1005.4,217848,2739.97
2026-07-01,90001,1025.2,1037.2,1004.4,174604,2749.29
2026-07-02,90001,1036.1,1042.4,1012.5,269690,2754.54
2026-07-03,90001,1037.9,1043.2,1016.7,259936,2731.97
2026-07-06,90001,1031.4,1053.9,1023.0,221133,2695.04
2026-07-07,90001,1022.8,1032.4,1014.3,166856,2696.59
2026-07-08,90001,1027.3,1037.9,1019.3,230235,2689.64
2026-07-09,90001,1032.3,1035.6,1027.0,214690,2697.74
2026-07-10,90001,1045.6,1056.4,1020.9,137952,2709.8
2026-07-13,90001,1057.5,1066.0,1045.5,131432,2712.73
2026-07-14,90001,1057.6,1074.6,1050.1,268119,2725.81
2026-07-15,90001,1047.2,1054.3,1024.8,88496,2730.24
2026-07-16,90001,1045.6,1069.1,1034.0,236399,2739.62
2026-07-17,90001,1049.1,1073.6,1046.1,186102,2728.75
2026-07-20,90001,1048.6,1053.1,1042.6,347760,2726.49
2026-07-21,90001,1044.5,1049.2,1027.1,185103,2730.39
2026-07-22,90001,1048.3,1053.2,1027.3,277119,2744.56
2026-07-23,90001,1045.0,1061.9,1037.8,191465,2738.76
2026-07-24,90001,1040.4,1045.5,1016.4,228935,2748.03
2026-07-27,90001,1044.7,1067.3,1022.2,284724,2744.33
2026-07-28,90001,1042.4,1062.5,1019.9,187116,2743.09
2026-07-29,90001,1046.1,1067.8,1038.5,311818,2757.46
2026-07-30,90001,1050.0,1064.8,1046.6,155373,2725.36
2026-07-31,90001,1040.7,1066.5,1017.8,243894,2704.92
2025-01-06,90002,1415.8,1427.6,1398.1,112224,2505.2
2025-01-07,90002,1427.2,1431.8,1419.2,244271,2490.24
2025-01-08,90002,1460.6,1495.1,1449.4,192096,2502.1
2025-01-09,90002,1447.4,1481.5,1416.1,269141,2516.89
2025-01-10,90002,1423.8,1444.1,1419.9,177203,2488.22
2025-01-13,90002,1407.1,1430.7,1381.4,110073,2469.48
2025-01-14,90002,1418.5,1436.4,1383.0,252421,2471.99
2025-01-15,90002,1427.1,1443.8,1424.0,158115,2467.92
2025-01-16,90002,1429.1,1435.9,1420.9,202888,2468.29
2025-01-17,90002,1410.1,1416.1,1385.4,143501,2456.3
2025-01-20,90002,1423.3,1433.8,1418.5,320045,2469.91
2025-01-21,90002,1402.7,1432.5,1380.9,132443,2482.09
2025-01-22,90002,1422.5,1430.2,1397.3,159949,2483.69
2025-01-23,90002,1472.3,1483.0,1449.5,186898,2501.17
2025-01-24,90002,1479.0,1500.6,1463.6,122816,2508.82
2025-01-27,90002,1489.6,1499.9,1462.7,202074,2496.55
2025-01-28,90002,1481.0,1489.5,1457.8,316437,2502.7
2025-01-29,90002,1449.3,1471.0,1439.5,151607,2488.97
2025-01-30,90002,1439.0,1454.1,1417.5,206697,2502.75
2025-01-31,90002,1420.5,1443.8,1388.8,68762,2502.62
2025-02-03,90002,1396.2,1428.3,1372.0,177564,2500.47
2025-02-04,90002,1425.5,1433.3,1407.2,161320,2490.9
2025-02-05,90002,1430.4,1463.3,1416.9,135163,2509.87
2025-02-06,90002,1437.1,1469.8,1431.3,262818,2508.17
2025-02-07,90002,1431.9,1462.1,1421.0,160576,2502.35
2025-02-10,90002,1429.1,1452.7,1425.9,169159,2497.7
2025-02-11,90002,1445.9,1469.4,1410.2,157738,2506.31
2025-02-12,90002,1445.5,1469.7,1435.3,92026,2512.44
2025-02-13,90002,1454.9,1481.0,1424.8,121117,2519.3
2025-02-14,90002,1451.7,1455.2,1443.2,251977,2526.46
2025-02-17,90002,1445.9,1480.7,1433.6,86010,2559.77
2025-02-18,90002,1421.9,1443.9,1405.4,137654,2554.17
2025-02-19,90002,1388.7,1416.4,1375.6,156499,2546.97
2025-02-20,90002,1384.5,1399.3,1356.3,331366,2535.2
2025-02-21,90002,1385.6,1388.8,1352.3,235560,2545.22
2025-02-24,90002,1364.6,1383.3,1334.4,148108,2563.16
2025-02-25,90002,1364.2,1382.8,1356.6,284159,2562.05
2025-02-26,90002,1365.2,1381.7,1338.1,138903,2549.81
2025-02-27,90002,1330.5,1343.6,1323.3,256246,2537.86
2025-02-28,90002,1316.1,1326.3,1285.9,111871,2548.42
2025-03-03,90002,1322.7,1341.4,1304.3,262066,2560.45
2025-03-04,90002,1329.1,1343.2,1316.1,156148,2569.45
2025-03-05,90002,1310.9,1342.8,1303.6,125584,2559.85
2025-03-06,90002,1313.6,1321.4,1310.6,166826,2564.06
2025-03-07,90002,1330.0,1342.4,1319.7,198348,2566.5
2025-03-10,90002,1342.6,1354.4,1311.7,151380,2570.51
2025-03-11,90002,1341.2,1360.7,1313.9,218511,2584.63
2025-03-12,90002,1333.9,1351.9,1301.4,146776,2588.75
2025-03-13,90002,1324.0,1346.2,1318.3,223651,2599.97
2025-03-14,90002,1331.6,1363.4,1310.8,210131,2601.67
2025-03-17,90002,1334.9,1346.3,1324.3,176202,2606.84
2025-03-18,90002,1345.2,1369.3,1325.7,154234,2617.39
2025-03-19,90002,1347.5,1350.9,1334.8,189804,2595.25
2025-03-20,90002,1360.9,1371.9,1349.3,218229,2590.93
2025-03-21,90002,1362.6,1379.9,1341.9,370401,2584.27
2025-03-24,90002,1375.7,1379.4,1367.1,250073,2575.03
2025-03-25,90002,1390.3,1412.8,1372.5,253294,2571.42
2025-03-26,90002,1377.1,1401.4,1353.8,530561,2595.24
2025-03-27,90002,1347.7,1373.6,1341.1,215625,2582.44
2025-03-28,90002,1373.1,1392.1,1340.9,213274,2598.13
2025-03-31,90002,1377.5,1399.4,1358.7,230295,2572.68
2025-04-01,90002,1349.6,1364.6,1321.5,126446,2568.15
2025-04-02,90002,1338.2,1342.2,1315.4,154098,2571.3
2025-04-03,90002,1350.9,1356.7,1326.1,150776,2581.01
2025-04-04,90002,1346.5,1369.5,1321.6,225793,2592.7
2025-04-07,90002,1338.4,1371.7,1308.8,169354,2605.72
2025-04-08,90002,1361.3,1364.5,1339.3,188922,2600.92
2025-04-09,90002,1344.4,1364.4,1333.1,263371,2594.37
2025-04-10,90002,1331.8,1357.4,1326.1,243486,2608.41
2025-04-11,90002,1335.3,1363.4,1314.0,170094,2606.07
2025-04-14,90002,1341.7,1361.2,1337.0,142374,2586.84
2025-04-15,90002,1349.9,1371.9,1339.7,267816,2569.95
2025-04-16,90002,1364.9,1389.5,1360.3,235996,2556.45
2025-04-17,90002,1368.3,1398.1,1348.3,102592,2564.73
2025-04-18,90002,1376.6,1383.2,1368.7,161314,2567.57
2025-04-21,90002,1372.5,1404.4,1350.4,190735,2578.87
2025-04-22,90002,1373.7,1377.2,1345.9,236405,2572.91
2025-04-23,90002,1375.6,1404.8,1346.8,247520,2576.0
2025-04-24,90002,1379.3,1384.5,1366.7,198804,2586.34
2025-04-25,90002,1392.3,1401.3,1372.0,220918,2582.19
2025-04-28,90002,1401.8,1404.7,1380.8,184086,2589.92
2025-04-29,90002,1402.7,1419.9,1384.7,142182,2580.3
2025-04-30,90002,1389.3,1402.8,1365.6,164270,2575.33
2025-05-01,90002,1390.6,1398.7,1381.1,181200,2570.08
2025-05-02,90002,1390.3,1407.5,1356.2,177828,2552.34
2025-05-05,90002,1393.7,1409.4,1387.8,93037,2560.45
2025-05-06,90002,1431.3,1459.4,1401.1,156622,2553.89
2025-05-07,90002,1422.5,1454.6,1400.2,183576,2554.72
2025-05-08,90002,1429.9,1454.2,1419.0,163118,2562.74
2025-05-09,90002,1448.5,1455.6,1420.8,165102,2570.26
2025-05-12,90002,1450.4,1463.1,1444.7,213524,2581.18
2025-05-13,90002,1491.8,1526.2,1462.3,123386,2580.31
2025-05-14,90002,1485.3,1491.3,1462.1,101813,2574.4
2025-05-15,90002,1491.2,1508.2,1484.4,159349,2573.82
2025-05-16,90002,1477.2,1512.2,1471.5,235190,2548.53
2025-05-19,90002,1471.1,1506.2,1442.8,324926,2527.13
2025-05-20,90002,1475.7,1492.6,1462.8,236678,2507.78
2025-05-21,90002,1491.0,1516.8,1457.5,107669,2493.44
2025-05-22,90002,1496.9,1515.6,1467.6,165940,2500.05
2025-05-23,90002,1519.8,1549.2,1492.4,196916,2487.13
2025-05-26,90002,1518.3,1522.4,1505.5,191543,2482.11
2025-05-27,90002,1512.4,1520.5,1484.7,217394,2502.16
2025-05-28,90002,1562.5,1587.7,1525.3,130580,2497.44
2025-05-29,90002,1570.1,1581.6,1563.6,184138,2509.15
2025-05-30,90002,1556.8,1583.7,1542.0,208527,2495.75
2025-06-02,90002,1544.0,1559.6,1532.6,240312,2493.3
2025-06-03,90002,1526.9,1561.1,1510.0,135769,2479.75
2025-06-04,90002,1544.3,1576.5,1514.8,159517,2475.33
2025-06-05,90002,1537.7,1558.3,1517.9,69868,2488.47
2025-06-06,90002,1540.3,1570.7,1517.0,144813,2463.42
2025-06-09,90002,1539.3,1552.0,1525.1,149816,2470.47
2025-06-10,90002,1553.1,1573.8,1544.9,125977,2474.62
2025-06-11,90002,1537.5,1547.6,1525.0,190741,2466.43
2025-06-12,90002,1518.0,1551.1,1485.0,176509,2445.73
2025-06-13,90002,1522.3,1554.1,1498.1,81632,2447.4
2025-06-16,90002,1533.5,1568.4,1517.1,194102,2440.25
2025-06-17,90002,1539.8,1574.0,1508.7,130066,2444.27
2025-06-18,90002,1525.1,1561.8,1519.8,213352,2445.2
2025-06-19,90002,1537.7,1548.9,1525.7,114928,2469.43
2025-06-20,90002,1524.2,1560.0,1513.1,181900,2466.5
2025-06-23,90002,1514.9,1537.9,1477.6,163016,2452.02
2025-06-24,90002,1498.0,1515.6,1470.7,200145,2455.27
2025-06-25,90002,1521.8,1544.4,1497.1,188029,2459.13
2025-06-26,90002,1533.6,1548.7,1530.3,164621,2479.88
2025-06-27,90002,1544.9,1558.3,1535.3,105136,2492.96
2025-06-30,90002,1568.4,1580.3,1542.4,107332,2498.93
2025-07-01,90002,1622.5,1628.8,1605.1,146730,2521.6
2025-07-02,90002,1589.7,1611.1,1552.7,179479,2504.3
2025-07-03,90002,1575.9,1611.2,1545.0,145484,2495.33
2025-07-04,90002,1564.5,1590.3,1545.2,224030,2482.12
2025-07-07,90002,1548.8,1570.4,1519.0,163241,2476.94
2025-07-08,90002,1529.0,1547.2,1491.7,128406,2457.18
2025-07-09,90002,1523.7,1543.1,1504.5,163305,2467.18
2025-07-10,90002,1501.8,1512.1,1476.6,194806,2464.5
2025-07-11,90002,1508.1,1539.6,1473.2,201676,2443.46
2025-07-14,90002,1509.2,1519.1,1497.5,347369,2429.23
2025-07-15,90002,1518.1,1546.2,1484.1,142428,2434.41
2025-07-16,90002,1527.6,1557.3,1521.1,175429,2447.29
2025-07-17,90002,1538.8,1562.3,1512.8,208951,2477.41
2025-07-18,90002,1532.1,1565.6,1501.5,178530,2521.73
2025-07-21,90002,1571.8,1585.5,1546.5,151069,2528.64
2025-07-22,90002,1576.4,1611.6,1555.3,104659,2514.3
2025-07-23,90002,1541.8,1570.7,1516.8,150530,2482.96
2025-07-24,90002,1523.5,1554.6,1515.2,123613,2487.58
2025-07-25,90002,1492.2,1518.0,1481.8,98361,2476.09
2025-07-28,90002,1492.7,1524.8,1480.5,136246,2470.55
2025-07-29,90002,1490.7,1527.7,1467.2,124770,2462.11
2025-07-30,90002,1482.5,1499.8,1464.5,220805,2460.64
2025-07-31,90002,1518.9,1550.4,1507.4,222146,2477.05
2025-08-01,90002,1529.2,1558.4,1495.0,131183,2480.0
2025-08-04,90002,1542.7,1561.9,1526.4,164330,2478.26
2025-08-05,90002,1525.8,1561.3,1507.1,93932,2463.53
2025-08-06,90002,1507.8,1524.5,1490.5,151401,2439.51
2025-08-07,90002,1508.6,1531.2,1499.3,206975,2433.01
2025-08-08,90002,1511.9,1518.6,1483.5,240251,2432.83
2025-08-11,90002,1478.8,1489.4,1460.6,140244,2459.39
2025-08-12,90002,1475.8,1507.3,1472.3,260110,2461.93
2025-08-13,90002,1476.2,1492.6,1440.5,105896,2477.11
2025-08-14,90002,1472.6,1488.9,1442.0,116313,2470.32
2025-08-15,90002,1458.4,1469.6,1431.3,230750,2453.43
2025-08-18,90002,1449.2,1468.5,1417.3,323063,2439.87
2025-08-19,90002,1446.3,1476.0,1413.2,213931,2429.89
2025-08-20,90002,1448.1,1480.8,1433.9,177476,2461.73
2025-08-21,90002,1458.8,1464.0,1435.4,83482,2450.24
2025-08-22,90002,1478.0,1500.5,1454.3,88685,2463.22
2025-08-25,90002,1473.0,1491.7,1461.0,188340,2450.52
2025-08-26,90002,1465.1,1488.7,1454.7,158798,2464.87
2025-08-27,90002,1473.0,1491.1,1466.2,122231,2471.19
2025-08-28,90002,1484.0,1500.6,1458.5,184176,2469.48
2025-08-29,90002,1476.5,1495.4,1447.0,187401,2469.5
2025-09-01,90002,1490.7,1513.7,1461.6,250510,2460.43
2025-09-02,90002,1508.5,1528.9,1494.5,188814,2467.64
2025-09-03,90002,1532.3,1552.0,1522.0,276689,2461.53
2025-09-04,90002,1565.5,1598.1,1546.1,180504,2444.1
2025-09-05,90002,1549.5,1579.2,1526.9,172878,2426.04
2025-09-08,90002,1550.0,1565.2,1514.1,261246,2429.16
2025-09-09,90002,1550.3,1582.0,1516.1,127804,2452.9
2025-09-10,90002,1548.7,1582.2,1513.0,482033,2455.87
2025-09-11,90002,1536.9,1545.4,1503.7,205264,2454.74
2025-09-12,90002,1509.9,1533.2,1473.4,205664,2459.56
2025-09-15,90002,1511.8,1524.7,1492.6,216316,2479.53
2025-09-16,90002,1498.1,1526.5,1493.4,347218,2483.42
2025-09-17,90002,1499.8,1511.0,1493.9,237539,2477.92
2025-09-18,90002,1485.8,1511.7,1469.4,102635,2495.05
2025-09-19,90002,1466.4,1478.0,1454.8,294174,2502.1
2025-09-22,90002,1470.8,1491.0,1462.1,159755,2525.9
2025-09-23,90002,1473.6,1508.7,1438.3,186878,2529.31
2025-09-24,90002,1484.1,1500.0,1474.4,115032,2511.42
2025-09-25,90002,1523.7,1557.4,1487.0,216399,2491.51
2025-09-26,90002,1528.9,1566.7,1499.1,143305,2516.94
2025-09-29,90002,1538.1,1572.1,1512.3,186422,2543.74
2025-09-30,90002,1518.5,1527.3,1491.8,162962,2541.64
2025-10-01,90002,1495.4,1526.6,1481.0,353085,2536.44
2025-10-02,90002,1524.2,1528.4,1498.5,360231,2559.42
2025-10-03,90002,1507.6,1524.3,1498.1,182954,2543.11
2025-10-06,90002,1489.0,1521.8,1453.9,184076,2530.13
2025-10-07,90002,1488.5,1515.1,1475.2,157945,2540.55
2025-10-08,90002,1487.1,1508.3,1475.4,265087,2535.17
2025-10-09,90002,1471.2,1487.3,1444.2,160426,2535.73
2025-10-10,90002,1466.0,1496.4,1441.0,155320,2533.88
2025-10-13,90002,1488.0,1515.3,1469.6,253525,2539.65
2025-10-14,90002,1473.9,1492.7,1449.5,149090,2561.83
2025-10-15,90002,1449.6,1482.2,1441.4,177637,2563.86
2025-10-16,90002,1466.3,1476.9,1440.6,103492,2574.43
2025-10-17,90002,1475.1,1483.9,1463.0,230309,2543.59
2025-10-20,90002,1464.4,1488.9,1452.2,355050,2543.48
2025-10-21,90002,1437.0,1472.0,1428.8,231686,2531.28
2025-10-22,90002,1424.4,1435.3,1410.6,300241,2513.46
2025-10-23,90002,1423.6,1434.6,1409.9,133863,2500.88
2025-10-24,90002,1443.8,1451.4,1425.9,195521,2496.5
2025-10-27,90002,1426.2,1457.2,1417.1,129392,2510.88
2025-10-28,90002,1424.9,1435.2,1415.7,166207,2491.6
2025-10-29,90002,1436.7,1456.2,1415.9,235858,2492.68
2025-10-30,90002,1396.3,1431.0,1389.4,186530,2486.07
2025-10-31,90002,1413.9,1417.2,1388.7,109785,2481.81
2025-11-03,90002,1394.2,1414.8,1361.1,113601,2497.41
2025-11-04,90002,1399.9,1419.2,1383.4,111002,2506.11
2025-11-05,90002,1404.2,1433.1,1372.3,213783,2526.94
2025-11-06,90002,1422.8,1437.3,1416.7,370672,2525.23
2025-11-07,90002,1432.4,1448.8,1428.1,289981,2515.33
2025-11-10,90002,1392.3,1400.5,1366.4,92699,2512.58
2025-11-11,90002,1379.4,1405.7,1352.5,295992,2516.87
2025-11-12,90002,1381.9,1409.6,1352.3,249809,2520.17
2025-11-13,90002,1378.8,1385.9,1374.2,104805,2504.45
2025-11-14,90002,1386.9,1402.2,1359.3,161876,2506.44
2025-11-17,90002,1400.3,1431.8,1385.3,264116,2510.5
2025-11-18,90002,1410.7,1413.6,1398.0,218242,2549.35
2025-11-19,90002,1407.2,1419.7,1398.8,113837,2578.86
2025-11-20,90002,1376.6,1396.9,1342.3,222898,2566.33
2025-11-21,90002,1369.2,1382.5,1364.5,85185,2562.55
2025-11-24,90002,1376.3,1387.6,1347.3,166495,2540.79
2025-11-25,90002,1358.5,1375.6,1335.8,268068,2532.43
2025-11-26,90002,1369.0,1377.5,1343.1,181162,2537.86
2025-11-27,90002,1384.2,1403.8,1358.8,151158,2556.93
2025-11-28,90002,1386.5,1411.8,1356.3,245728,2546.41
2025-12-01,90002,1336.6,1356.9,1328.3,253184,2537.07
2025-12-02,90002,1316.4,1321.8,1313.7,284709,2505.22
2025-12-03,90002,1346.7,1375.5,1325.5,244441,2503.4
2025-12-04,90002,1338.1,1346.1,1324.5,262811,2488.11
2025-12-05,90002,1306.7,1332.3,1300.4,232635,2480.84
2025-12-08,90002,1326.4,1340.1,1318.1,197530,2468.44
2025-12-09,90002,1326.8,1353.3,1314.0,185728,2467.66
2025-12-10,90002,1344.6,1353.7,1339.8,165656,2442.38
2025-12-11,90002,1349.3,1357.8,1344.8,117757,2421.59
2025-12-12,90002,1356.9,1375.1,1325.6,128843,2453.33
2025-12-15,90002,1363.0,1366.7,1350.5,163081,2435.06
2025-12-16,90002,1374.6,1384.5,1340.8,195872,2419.7
2025-12-17,90002,1412.8,1439.2,1378.7,298044,2447.13
2025-12-18,90002,1429.6,1460.0,1422.0,177385,2490.78
2025-12-19,90002,1402.9,1408.3,1377.0,255743,2473.95
2025-12-22,90002,1410.6,1442.0,1388.3,262622,2469.1
2025-12-23,90002,1430.2,1459.3,1404.6,165993,2474.79
2025-12-24,90002,1451.2,1483.1,1445.1,221649,2501.22
2025-12-25,90002,1444.0,1470.0,1434.8,165293,2487.07
2025-12-26,90002,1464.5,1490.1,1459.0,285917,2484.04
2025-12-29,90002,1481.0,1501.9,1457.5,224865,2496.27
2025-12-30,90002,1527.6,1553.6,1489.9,118662,2503.42
2025-12-31,90002,1514.1,1549.2,1487.7,190469,2498.4
2026-01-01,90002,1505.1,1511.6,1477.5,320472,2497.02
2026-01-02,90002,1499.8,1513.7,1462.8,168937,2477.12
2026-01-05,90002,1491.2,1496.6,1464.9,210536,2474.2
2026-01-06,90002,1475.5,1510.5,1471.2,217895,2470.87
2026-01-07,90002,1427.6,1445.0,1396.2,125228,2474.93
2026-01-08,90002,1420.3,1445.2,1405.6,215229,2467.32
2026-01-09,90002,1426.8,1457.2,1423.8,110510,2474.93
2026-01-12,90002,1418.5,1453.7,1399.2,144602,2490.63
2026-01-13,90002,1452.0,1460.4,1417.8,262292,2493.58
2026-01-14,90002,1452.5,1482.1,1441.0,203939,2499.47
2026-01-15,90002,1475.3,1508.4,1455.7,161804,2500.9
2026-01-16,90002,1480.1,1484.7,1471.2,210443,2501.52
2026-01-19,90002,1495.1,1524.0,1490.1,176253,2491.34
2026-01-20,90002,1500.3,1515.5,1494.5,180794,2496.7
2026-01-21,90002,1525.3,1551.1,1496.7,226522,2495.87
2026-01-22,90002,1526.5,1547.6,1493.1,139543,2528.04
2026-01-23,90002,1535.8,1548.0,1527.7,182559,2552.66
2026-01-26,90002,1542.7,1550.6,1529.4,161364,2559.21
2026-01-27,90002,1537.6,1544.8,1527.6,103337,2548.16
2026-01-28,90002,1545.3,1552.0,1541.2,130424,2531.84
2026-01-29,90002,1587.5,1613.9,1564.1,311633,2550.64
2026-01-30,90002,1582.5,1598.5,1553.9,205945,2555.3
2026-02-02,90002,1049.8,1057.2,1032.1,113261,2563.31
2026-02-03,90002,1065.9,1085.0,1054.3,104986,2537.26
2026-02-04,90002,1080.8,1100.0,1064.8,173070,2552.05
2026-02-05,90002,1081.0,1096.6,1076.5,310869,2559.66
2026-02-06,90002,1050.7,1075.4,1044.9,168610,2543.3
2026-02-09,90002,1057.3,1068.8,1032.6,284407,2536.75
2026-02-10,90002,1029.7,1051.5,1009.6,203594,2541.4
2026-02-11,90002,1048.1,1052.0,1023.8,212277,2542.84
2026-02-12,90002,1050.4,1070.4,1026.1,112781,2539.02
2026-02-13,90002,1063.2,1089.5,1045.2,249907,2538.08
2026-02-16,90002,1051.9,1074.5,1027.3,160089,2534.87
2026-02-17,90002,1032.6,1048.4,1020.6,243481,2537.83
2026-02-18,90002,1035.9,1052.9,1033.8,135368,2560.98
2026-02-19,90002,1035.6,1046.1,1032.1,191506,2522.47
2026-02-20,90002,1029.7,1047.8,1025.0,203600,2519.52
2026-02-23,90002,1030.9,1051.2,1026.5,170552,2522.82
2026-02-24,90002,1065.8,1092.4,1055.0,207378,2527.93
2026-02-25,90002,1076.6,1091.0,1057.1,163975,2522.93
2026-02-26,90002,1090.4,1094.1,1068.4,143421,2497.1
2026-02-27,90002,1101.7,1119.0,1084.5,315726,2502.65
2026-03-02,90002,1121.5,1126.8,1115.5,259846,2529.35
2026-03-03,90002,1119.1,1127.6,1097.6,137917,2506.81
2026-03-04,90002,1092.0,1102.4,1080.9,219622,2520.46
2026-03-05,90002,1089.6,1110.1,1087.1,138797,2516.13
2026-03-06,90002,1100.4,1107.3,1091.1,118904,2515.83
2026-03-09,90002,1087.8,1094.2,1077.4,258472,2500.61
2026-03-10,90002,1085.7,1089.0,1076.6,99138,2496.22
2026-03-11,90002,1076.8,1100.6,1054.6,248975,2516.4
2026-03-12,90002,1096.5,1116.2,1075.2,164762,2525.84
2026-03-13,90002,1106.6,1109.8,1086.7,167153,2552.87
2026-03-16,90002,1115.4,1118.3,1109.6,207757,2571.61
2026-03-17,90002,1123.9,1140.6,1100.7,220605,2579.04
2026-03-18,90002,1123.5,1133.1,1103.8,134792,2606.82
2026-03-19,90002,1126.3,1144.0,1119.0,231403,2614.35
2026-03-20,90002,1110.5,1123.9,1091.8,187285,2628.03
2026-03-23,90002,1081.9,1107.0,1067.7,115970,2624.01
2026-03-24,90002,1084.0,1093.3,1070.9,169609,2625.72
2026-03-25,90002,1088.3,1107.5,1083.4,291898,2615.41
2026-03-26,90002,1104.4,1108.0,1089.0,323683,2631.64
2026-03-27,90002,1125.5,1152.5,1120.7,231372,2613.75
2026-03-30,90002,1147.1,1175.3,1140.5,118668,2626.71
2026-03-31,90002,1133.6,1155.1,1127.8,213720,2624.36
2026-04-01,90002,1128.9,1143.3,1101.9,242440,2643.53
2026-04-02,90002,1135.6,1143.6,1125.9,232050,2656.13
2026-04-03,90002,1170.8,1195.0,1158.8,236912,2685.97
2026-04-06,90002,1191.9,1214.4,1180.7,204404,2698.45
2026-04-07,90002,1208.1,1216.7,1180.8,175495,2673.79
2026-04-08,90002,1202.7,1217.6,1184.7,145478,2673.38
2026-04-09,90002,1190.1,1205.2,1162.6,92636,2655.31
2026-04-10,90002,1201.6,1226.8,1190.9,202721,2647.73
2026-04-13,90002,1186.0,1207.0,1180.5,192111,2672.52
2026-04-14,90002,1182.7,1202.6,1165.2,218789,2683.43
2026-04-15,90002,1181.2,1201.3,1169.5,112709,2672.87
2026-04-16,90002,1204.2,1214.1,1179.6,225588,2657.32
2026-04-17,90002,1199.2,1211.9,1172.6,369461,2658.51
2026-04-20,90002,1164.8,1168.3,1149.8,185010,2639.84
2026-04-21,90002,1172.0,1195.5,1143.4,176156,2629.88
2026-04-22,90002,1162.3,1176.2,1145.2,200558,2635.47
2026-04-23,90002,1163.1,1177.1,1153.5,366601,2654.47
2026-04-24,90002,1162.0,1170.9,1146.6,125798,2664.85
2026-04-27,90002,1158.3,1166.2,1155.0,193268,2629.12
2026-04-28,90002,1169.5,1187.6,1145.5,136057,2634.58
2026-04-29,90002,1148.3,1156.8,1143.3,148636,2636.38
2026-04-30,90002,1141.4,1145.3,1131.0,176902,2643.6
2026-05-01,90002,1150.9,1173.5,1133.6,288449,2670.02
2026-05-04,90002,1144.0,1156.2,1140.6,338087,2637.83
2026-05-05,90002,1123.6,1135.7,1119.3,210567,2629.15
2026-05-06,90002,1134.2,1147.7,1113.8,157771,2639.15
2026-05-07,90002,1151.1,1175.0,1146.9,430701,2614.88
2026-05-08,90002,1152.1,1162.9,1137.1,154982,2638.8
2026-05-11,90002,1126.8,1148.7,1115.8,147386,2645.3
2026-05-12,90002,1137.9,1164.8,1129.7,96710,2659.43
2026-05-13,90002,1117.0,1136.2,1109.9,293415,2651.0
2026-05-14,90002,1122.6,1136.0,1100.6,252608,2664.64
2026-05-15,90002,889.8,906.9,868.5,419552,2682.45
2026-05-18,90002,878.6,889.7,874.1,110677,2686.87
2026-05-19,90002,875.1,885.3,854.1,299860,2691.33
2026-05-20,90002,874.4,886.7,860.7,184473,2696.37
2026-05-21,90002,868.8,876.9,854.2,238672,2683.11
2026-05-22,90002,876.2,880.0,860.1,101112,2681.41
2026-05-25,90002,872.6,882.7,856.7,300902,2679.62
2026-05-26,90002,884.1,888.4,865.7,237042,2686.47
2026-05-27,90002,888.3,898.5,876.6,177565,2703.31
2026-05-28,90002,882.1,895.1,869.4,225596,2686.86
2026-05-29,90002,874.1,894.6,865.8,137693,2685.52
2026-06-01,90002,858.1,860.6,854.3,146958,2710.17
2026-06-02,90002,862.2,876.3,847.4,153047,2698.78
2026-06-03,90002,859.7,870.5,857.4,94113,2686.17
2026-06-04,90002,836.6,838.7,829.7,243367,2690.11
2026-06-05,90002,832.4,838.9,829.0,273148,2704.45
2026-06-08,90002,824.6,828.4,819.3,140820,2705.31
2026-06-09,90002,841.4,847.3,827.4,203329,2727.65
2026-06-10,90002,825.4,832.3,811.8,164024,2742.39
2026-06-11,90002,812.3,821.4,802.9,201916,2756.97
2026-06-12,90002,824.3,836.0,821.0,144503,2766.84
2026-06-15,90002,839.0,840.6,828.9,132126,2806.46
2026-06-16,90002,832.6,837.4,824.2,260130,2803.7
2026-06-17,90002,827.4,830.8,812.0,176020,2770.89
2026-06-18,90002,834.6,846.8,821.8,365291,2798.39
2026-06-19,90002,812.6,820.4,801.8,182941,2791.42
2026-06-22,90002,795.8,807.4,785.2,130168,2793.92
2026-06-23,90002,794.1,799.8,774.9,276548,2816.67
2026-06-24,90002,810.1,812.2,794.3,224468,2790.42
2026-06-25,90002,806.9,825.9,796.0,232145,2770.23
2026-06-26,90002,808.9,812.6,798.4,273053,2744.43
2026-06-29,90002,821.0,825.0,818.9,143233,2732.07
2026-06-30,90002,843.1,847.7,823.2,172158,2739.97
2026-07-01,90002,838.4,859.0,830.6,169516,2749.29
2026-07-02,90002,839.4,853.0,832.7,114571,2754.54
2026-07-03,90002,859.0,872.7,837.5,164136,2731.97
2026-07-06,90002,844.5,865.4,828.9,287346,2695.04
2026-07-07,90002,856.1,859.5,853.4,195590,2696.59
2026-07-08,90002,846.8,867.4,843.9,112374,2689.64
2026-07-09,90002,848.9,854.6,846.7,104419,2697.74
2026-07-10,90002,847.5,861.4,834.2,322346,2709.8
2026-07-13,90002,838.9,848.7,835.8,174398,2712.73
2026-07-14,90002,830.2,839.1,810.6,143504,2725.81
2026-07-15,90002,833.9,853.5,814.3,163540,2730.24
2026-07-16,90002,845.0,849.7,832.7,107329,2739.62
2026-07-17,90002,844.8,865.8,831.1,296201,2728.75
2026-07-20,90002,846.6,855.7,839.2,156865,2726.49
2026-07-21,90002,853.5,867.9,850.6,290483,2730.39
2026-07-22,90002,844.7,865.2,828.6,183283,2744.56
2026-07-23,90002,853.3,856.2,849.6,296869,2738.76
2026-07-24,90002,862.8,882.9,859.4,196920,2748.03
2026-07-27,90002,891.4,904.7,883.2,242642,2744.33
2026-07-28,90002,888.5,904.6,886.4,231513,2743.09
2026-07-29,90002,884.7,889.5,874.1,223879,2757.46
2026-07-30,90002,894.0,906.8,877.7,203310,2725.36
2026-07-31,90002,904.0,919.8,885.5,165912,2704.92
2025-01-06,90003,2247.4,2272.4,2224.1,113637,2505.2
2025-01-07,90003,2225.7,2262.8,2177.8,107526,2490.24
2025-01-08,90003,2226.3,2243.5,2212.1,66365,2502.1
2025-01-09,90003,2227.2,2232.7,2180.7,92766,2516.89
2025-01-10,90003,2237.7,2263.0,2229.1,65693,2488.22
2025-01-13,90003,2227.7,2259.6,2198.2,80110,2469.48
2025-01-14,90003,2236.0,2264.1,2227.6,191238,2471.99
2025-01-15,90003,2232.4,2286.2,2193.1,93065,2467.92
2025-01-16,90003,2194.4,2234.5,2150.1,59392,2468.29
2025-01-17,90003,2195.2,2249.9,2147.9,95863,2456.3
2025-01-20,90003,2169.3,2188.4,2116.0,56074,2469.91
2025-01-21,90003,2128.9,2171.8,2091.7,59154,2482.09
2025-01-22,90003,2132.6,2164.1,2090.6,62515,2483.69
2025-01-23,90003,2144.6,2179.1,2115.4,77038,2501.17
2025-01-24,90003,2157.6,2210.9,2108.0,124929,2508.82
2025-01-27,90003,2171.7,2208.7,2135.2,110194,2496.55
2025-01-28,90003,2126.5,2174.7,2079.0,108078,2502.7
2025-01-29,90003,2095.4,2134.6,2079.9,61263,2488.97
2025-01-30,90003,2142.0,2152.5,2113.2,74466,2502.75
2025-01-31,90003,2118.0,2156.3,2078.2,98989,2502.62
2025-02-03,90003,2132.8,2160.8,2118.6,72233,2500.47
2025-02-04,90003,2117.2,2166.2,2102.7,81645,2490.9
2025-02-05,90003,2119.6,2163.2,2067.7,105034,2509.87
2025-02-06,90003,2105.4,2114.7,2080.2,79657,2508.17
2025-02-07,90003,2119.0,2129.8,2105.9,97410,2502.35
2025-02-10,90003,2122.7,2130.4,2102.3,157160,2497.7
2025-02-11,90003,2112.8,2141.0,2089.3,84746,2506.31
2025-02-12,90003,2089.1,2097.1,2055.0,135989,2512.44
2025-02-13,90003,2095.8,2134.8,2047.1,109463,2519.3
2025-02-14,90003,2068.5,2098.9,2017.4,53853,2526.46
2025-02-17,90003,2078.8,2122.9,2043.5,61194,2559.77
2025-02-18,90003,2140.3,2158.3,2101.5,67225,2554.17
2025-02-19,90003,2172.8,2203.1,2152.4,66727,2546.97
2025-02-20,90003,2190.6,2200.9,2143.0,87200,2535.2
2025-02-21,90003,2189.1,2238.0,2173.7,111601,2545.22
2025-02-24,90003,2143.4,2156.4,2133.9,139646,2563.16
2025-02-25,90003,2113.0,2122.2,2061.5,100250,2562.05
2025-02-26,90003,2143.6,2158.0,2096.7,77001,2549.81
2025-02-27,90003,2125.6,2169.2,2106.5,43424,2537.86
2025-02-28,90003,2109.8,2119.2,2072.8,92251,2548.42
2025-03-03,90003,2106.5,2140.5,2079.7,90815,2560.45
2025-03-04,90003,2082.5,2122.5,2062.9,95950,2569.45
2025-03-05,90003,2055.1,2094.8,2037.5,188103,2559.85
2025-03-06,90003,2054.5,2067.6,2044.0,138936,2564.06
2025-03-07,90003,2035.0,2041.9,2005.2,118460,2566.5
2025-03-10,90003,2019.0,2043.8,1994.2,64269,2570.51
2025-03-11,90003,2002.2,2015.5,1974.6,75208,2584.63
2025-03-12,90003,2014.2,2050.7,2000.2,87061,2588.75
2025-03-13,90003,2009.6,2030.1,1962.2,68608,2599.97
2025-03-14,90003,2006.2,2030.9,1972.7,107229,2601.67
2025-03-17,90003,2019.9,2029.2,1974.0,101975,2606.84
2025-03-18,90003,2017.2,2047.6,2008.1,61491,2617.39
2025-03-19,90003,2011.6,2024.2,1978.7,136824,2595.25
2025-03-20,90003,2022.5,2058.1,1978.9,93281,2590.93
2025-03-21,90003,2037.9,2045.3,2018.3,49138,2584.27
2025-03-24,90003,2035.2,2084.9,2021.9,88397,2575.03
2025-03-25,90003,2037.5,2073.6,2021.0,99308,2571.42
2025-03-26,90003,2020.5,2033.0,2003.8,126505,2595.24
2025-03-27,90003,2002.0,2006.6,1977.4,79973,2582.44
2025-03-28,90003,2019.5,2039.1,2000.3,120251,2598.13
2025-03-31,90003,2029.9,2041.1,2013.2,96092,2572.68
2025-04-01,90003,2040.6,2055.0,2006.1,56800,2568.15
2025-04-02,90003,2047.4,2092.6,2040.9,54844,2571.3
2025-04-03,90003,2049.0,2081.5,2028.9,133313,2581.01
2025-04-04,90003,2065.3,2077.8,2028.4,136784,2592.7
2025-04-07,90003,2087.1,2118.0,2074.5,100768,2605.72
2025-04-08,90003,2108.7,2125.3,2093.8,151912,2600.92
2025-04-09,90003,2106.9,2158.4,2093.0,130271,2594.37
2025-04-10,90003,2139.8,2145.7,2135.5,114328,2608.41
2025-04-11,90003,2145.7,2186.2,2118.1,65421,2606.07
2025-04-14,90003,2161.3,2204.0,2155.0,164977,2586.84
2025-04-15,90003,2168.5,2176.2,2150.6,108583,2569.95
2025-04-16,90003,2175.0,2187.9,2120.8,78631,2556.45
2025-04-17,90003,2158.0,2181.4,2108.1,71230,2564.73
2025-04-18,90003,2175.2,2223.0,2160.1,98463,2567.57
2025-04-21,90003,2244.9,2277.2,2224.4,50146,2578.87
2025-04-22,90003,2236.3,2274.4,2207.9,114972,2572.91
2025-04-23,90003,2238.6,2283.4,2190.6,64460,2576.0
2025-04-24,90003,2228.2,2275.1,2182.6,102465,2586.34
2025-04-25,90003,2216.8,2245.5,2205.9,74981,2582.19
2025-04-28,90003,2255.3,2286.2,2244.4,82044,2589.92
2025-04-29,90003,2239.3,2280.7,2213.3,69054,2580.3
2025-04-30,90003,2228.2,2246.1,2179.1,85061,2575.33
2025-05-01,90003,2190.1,2237.6,2141.3,174354,2570.08
2025-05-02,90003,2172.5,2177.9,2162.8,146142,2552.34
2025-05-05,90003,2132.6,2146.5,2100.2,101888,2560.45
2025-05-06,90003,2148.0,2191.8,2136.0,89206,2553.89
2025-05-07,90003,2215.7,2237.5,2176.3,120938,2554.72
2025-05-08,90003,2207.4,2219.4,2156.4,133660,2562.74
2025-05-09,90003,2167.8,2181.5,2140.8,67314,2570.26
2025-05-12,90003,2189.9,2221.0,2181.4,87593,2581.18
2025-05-13,90003,2173.0,2219.7,2139.7,47566,2580.31
2025-05-14,90003,2204.9,2212.9,2179.7,133339,2574.4
2025-05-15,90003,2198.6,2204.5,2153.2,185409,2573.82
2025-05-16,90003,2183.9,2211.6,2162.4,92558,2548.53
2025-05-19,90003,2180.2,2232.5,2132.0,42779,2527.13
2025-05-20,90003,2199.0,2217.5,2180.7,111377,2507.78
2025-05-21,90003,2194.0,2246.8,2181.7,65587,2493.44
2025-05-22,90003,2182.6,2231.6,2162.9,71352,2500.05
2025-05-23,90003,2178.4,2196.9,2172.3,112068,2487.13
2025-05-26,90003,2148.7,2193.3,2130.5,98386,2482.11
2025-05-27,90003,2158.6,2197.0,2121.5,75866,2502.16
2025-05-28,90003,2117.1,2146.3,2106.0,71696,2497.44
2025-05-29,90003,2107.3,2132.1,2097.7,94052,2509.15
2025-05-30,90003,2125.6,2169.7,2114.8,77983,2495.75
2025-06-02,90003,2133.2,2176.4,2125.1,61042,2493.3
2025-06-03,90003,2147.6,2189.3,2100.1,80110,2479.75
2025-06-04,90003,2146.6,2200.2,2095.7,101358,2475.33
2025-06-05,90003,2175.0,2203.2,2168.3,84561,2488.47
2025-06-06,90003,2197.7,2242.9,2154.9,54876,2463.42
2025-06-09,90003,2209.1,2257.4,2167.2,127228,2470.47
2025-06-10,90003,2232.3,2247.7,2176.7,34509,2474.62
2025-06-11,90003,2251.4,2258.1,2228.9,76982,2466.43
2025-06-12,90003,2241.1,2266.4,2221.9,72438,2445.73
2025-06-13,90003,2208.8,2256.7,2181.3,94790,2447.4
2025-06-16,90003,2219.6,2238.7,2171.4,109551,2440.25
2025-06-17,90003,2233.5,2273.9,2191.6,133510,2444.27
2025-06-18,90003,2261.0,2265.9,2232.0,70138,2445.2
2025-06-19,90003,2238.4,2261.2,2221.3,110510,2469.43
2025-06-20,90003,2216.7,2252.6,2175.2,96384,2466.5
2025-06-23,90003,2228.5,2239.6,2180.3,49440,2452.02
2025-06-24,90003,2227.3,2277.7,2202.4,175037,2455.27
2025-06-25,90003,2182.2,2194.4,2144.2,54393,2459.13
2025-06-26,90003,2191.7,2242.0,2167.2,104233,2479.88
2025-06-27,90003,2148.1,2163.1,2120.1,103161,2492.96
2025-06-30,90003,2126.4,2179.3,2096.5,99115,2498.93
2025-07-01,90003,2158.8,2193.1,2115.9,75694,2521.6
2025-07-02,90003,2203.1,2211.8,2149.2,120222,2504.3
2025-07-03,90003,2174.4,2182.0,2147.8,52126,2495.33
2025-07-04,90003,2167.1,2175.1,2145.7,87950,2482.12
2025-07-07,90003,2168.6,2202.4,2145.6,73880,2476.94
2025-07-08,90003,2212.1,2257.7,2200.8,71005,2457.18
2025-07-09,90003,2200.7,2225.5,2181.2,104571,2467.18
2025-07-10,90003,2189.7,2216.5,2181.0,131226,2464.5
2025-07-11,90003,2227.9,2262.5,2201.5,79811,2443.46
2025-07-14,90003,2219.3,2250.9,2206.3,118279,2429.23
2025-07-15,90003,2237.5,2277.4,2215.2,91580,2434.41
2025-07-16,90003,2202.0,2230.3,2157.4,65848,2447.29
2025-07-17,90003,2198.4,2238.9,2181.6,82230,2477.41
2025-07-18,90003,2159.2,2213.0,2124.5,81043,2521.73
2025-07-21,90003,2134.8,2156.3,2086.3,70525,2528.64
2025-07-22,90003,2155.1,2160.1,2122.7,104561,2514.3
2025-07-23,90003,2154.5,2165.0,2140.6,97703,2482.96
2025-07-24,90003,2147.5,2179.1,2126.2,51577,2487.58
2025-07-25,90003,2130.4,2151.5,2097.2,50490,2476.09
2025-07-28,90003,2125.8,2176.0,2096.7,104422,2470.55
2025-07-29,90003,2133.3,2168.4,2121.8,67657,2462.11
2025-07-30,90003,2157.1,2187.2,2130.6,100035,2460.64
2025-07-31,90003,2096.2,2138.9,2065.8,118289,2477.05
2025-08-01,90003,2077.6,2094.1,2060.7,57683,2480.0
2025-08-04,90003,2081.8,2125.2,2048.3,54914,2478.26
2025-08-05,90003,2080.1,2084.4,2072.5,161719,2463.53
2025-08-06,90003,2089.8,2123.8,2069.5,101784,2439.51
2025-08-07,90003,2096.5,2145.8,2053.5,77717,2433.01
2025-08-08,90003,2090.0,2132.1,2073.4,64905,2432.83
2025-08-11,90003,2078.5,2123.4,2045.4,75275,2459.39
2025-08-12,90003,2073.4,2096.4,2049.7,59329,2461.93
2025-08-13,90003,2100.3,2144.3,2080.8,122609,2477.11
2025-08-14,90003,2083.9,2114.5,2035.9,68576,2470.32
2025-08-15,90003,2083.0,2116.8,2062.4,131966,2453.43
2025-08-18,90003,2087.7,2094.7,2072.2,78225,2439.87
2025-08-19,90003,2124.4,2138.5,2075.7,62466,2429.89
2025-08-20,90003,2117.9,2149.0,2077.4,77525,2461.73
2025-08-21,90003,2140.9,2148.1,2103.1,35922,2450.24
2025-08-22,90003,2170.7,2212.0,2163.9,86275,2463.22
2025-08-25,90003,2169.7,2216.0,2158.8,84797,2450.52
2025-08-26,90003,2165.2,2215.4,2129.1,120117,2464.87
2025-08-27,90003,2157.9,2167.3,2143.2,46507,2471.19
2025-08-28,90003,2152.4,2203.2,2136.9,135160,2469.48
2025-08-29,90003,2173.3,2181.0,2130.0,119943,2469.5
2025-09-01,90003,2179.4,2207.5,2160.7,139494,2460.43
2025-09-02,90003,2185.5,2232.2,2177.6,88354,2467.64
2025-09-03,90003,2159.2,2167.0,2153.1,128338,2461.53
2025-09-04,90003,2136.9,2142.0,2110.8,53778,2444.1
2025-09-05,90003,2188.4,2194.0,2153.0,115512,2426.04
2025-09-08,90003,2184.7,2214.7,2136.6,68710,2429.16
2025-09-09,90003,2166.7,2211.5,2156.8,50492,2452.9
2025-09-10,90003,2201.6,2212.5,2187.2,60725,2455.87
2025-09-11,90003,2209.0,2219.7,2177.7,90174,2454.74
2025-09-12,90003,2223.6,2257.2,2200.6,67444,2459.56
2025-09-15,90003,2220.8,2237.2,2191.7,102661,2479.53
2025-09-16,90003,2213.6,2255.2,2162.1,47795,2483.42
2025-09-17,90003,2210.0,2262.7,2177.9,42748,2477.92
2025-09-18,90003,2177.2,2219.9,2152.1,145495,2495.05
2025-09-19,90003,2175.7,2223.9,2121.8,123487,2502.1
2025-09-22,90003,2183.3,2213.8,2175.7,62337,2525.9
2025-09-23,90003,2228.7,2275.9,2176.5,89905,2529.31
2025-09-24,90003,2231.4,2245.3,2201.2,128591,2511.42
2025-09-25,90003,2175.4,2183.2,2145.8,104222,2491.51
2025-09-26,90003,2173.7,2210.8,2123.3,94792,2516.94
2025-09-29,90003,2240.8,2247.9,2210.1,132041,2543.74
2025-09-30,90003,2262.8,2313.7,2235.4,69690,2541.64
2025-10-01,90003,2243.2,2283.4,2224.7,90987,2536.44
2025-10-02,90003,2258.4,2312.4,2219.7,89439,2559.42
2025-10-03,90003,2240.6,2261.3,2206.8,81805,2543.11
2025-10-06,90003,2208.1,2237.2,2192.8,78521,2530.13
2025-10-07,90003,2200.2,2242.1,2159.9,92324,2540.55
2025-10-08,90003,2202.9,2219.7,2165.9,91090,2535.17
2025-10-09,90003,2158.6,2189.8,2134.5,62356,2535.73
2025-10-10,90003,2132.0,2168.6,2127.5,119156,2533.88
2025-10-13,90003,2132.8,2185.1,2106.6,63948,2539.65
2025-10-14,90003,2123.8,2164.4,2119.2,83381,2561.83
2025-10-15,90003,2133.5,2143.6,2125.6,81163,2563.86
2025-10-16,90003,2105.7,2133.0,2080.7,102017,2574.43
2025-10-17,90003,2122.9,2155.9,2114.6,42867,2543.59
2025-10-20,90003,2095.9,2107.2,2078.5,122931,2543.48
2025-10-21,90003,2134.7,2160.2,2098.2,71013,2531.28
2025-10-22,90003,2095.3,2113.2,2076.2,137936,2513.46
2025-10-23,90003,2070.8,2080.6,2019.1,76130,2500.88
2025-10-24,90003,2080.8,2109.5,2032.8,88474,2496.5
2025-10-27,90003,2119.8,2132.1,2087.0,175850,2510.88
2025-10-28,90003,2127.7,2160.9,2076.1,81674,2491.6
2025-10-29,90003,2141.4,2154.1,2094.4,138851,2492.68
2025-10-30,90003,2142.4,2182.3,2122.4,91238,2486.07
2025-10-31,90003,2118.9,2132.6,2078.1,104084,2481.81
2025-11-03,90003,2108.0,2155.7,2097.2,92230,2497.41
2025-11-04,90003,2080.6,2086.0,2043.7,121092,2506.11
2025-11-05,90003,2052.1,2080.8,2024.8,70801,2526.94
2025-11-06,90003,2061.7,2081.0,2056.7,63777,2525.23
2025-11-07,90003,2036.9,2051.5,2019.9,71974,2515.33
2025-11-10,90003,2044.5,2070.8,1995.5,93196,2512.58
2025-11-11,90003,2016.0,2059.1,1997.3,83306,2516.87
2025-11-12,90003,2023.1,2069.7,2010.6,115400,2520.17
2025-11-13,90003,2012.7,2030.8,2000.0,142090,2504.45
2025-11-14,90003,2044.6,2056.0,2018.0,63960,2506.44
2025-11-17,90003,2052.4,2090.5,2008.5,69611,2510.5
2025-11-18,90003,2081.0,2113.1,2040.6,54441,2549.35
2025-11-19,90003,2064.3,2078.0,2039.5,183174,2578.86
2025-11-20,90003,2066.1,2106.4,2052.1,100127,2566.33
2025-11-21,90003,2044.5,2072.9,2038.2,106456,2562.55
2025-11-24,90003,2035.7,2070.3,2010.0,56302,2540.79
2025-11-25,90003,2030.3,2051.2,1988.2,89963,2532.43
2025-11-26,90003,2014.7,2039.1,1976.8,107559,2537.86
2025-11-27,90003,1988.4,2000.7,1965.8,82380,2556.93
2025-11-28,90003,1958.2,1996.2,1927.5,131145,2546.41
2025-12-01,90003,1909.0,1919.7,1886.0,202137,2537.07
2025-12-02,90003,1887.4,1924.9,1858.5,64607,2505.22
2025-12-03,90003,1900.9,1939.6,1874.5,62933,2503.4
2025-12-04,90003,1868.3,1904.1,1835.3,66194,2488.11
2025-12-05,90003,1840.8,1845.3,1815.6,157902,2480.84
2025-12-08,90003,1877.9,1893.5,1833.5,129623,2468.44
2025-12-09,90003,1865.3,1889.1,1843.2,85830,2467.66
2025-12-10,90003,1872.3,1901.7,1867.9,91159,2442.38
2025-12-11,90003,1886.1,1929.7,1872.1,67627,2421.59
2025-12-12,90003,1900.4,1920.6,1874.7,122893,2453.33
2025-12-15,90003,1869.3,1910.6,1842.3,78794,2435.06
2025-12-16,90003,1865.0,1875.7,1837.6,82169,2419.7
2025-12-17,90003,1832.5,1851.9,1798.8,111373,2447.13
2025-12-18,90003,1883.0,1889.0,1867.3,84268,2490.78
2025-12-19,90003,1850.7,1886.0,1818.7,82894,2473.95
2025-12-22,90003,1830.0,1840.0,1796.7,90333,2469.1
2025-12-23,90003,1809.6,1823.9,1788.8,118888,2474.79
2025-12-24,90003,1780.5,1815.8,1760.5,160145,2501.22
2025-12-25,90003,1807.6,1833.5,1796.6,110468,2487.07
2025-12-26,90003,1856.9,1861.2,1835.5,119219,2484.04
2025-12-29,90003,1847.7,1851.5,1810.5,83919,2496.27
2025-12-30,90003,1821.5,1846.5,1779.8,70251,2503.42
2025-12-31,90003,1777.7,1793.7,1749.8,113148,2498.4
2026-01-01,90003,1773.3,1784.2,1757.6,95559,2497.02
2026-01-02,90003,1767.6,1796.1,1736.3,54701,2477.12
2026-01-05,90003,1755.4,1768.2,1722.0,80237,2474.2
2026-01-06,90003,1760.2,1787.6,1743.2,87426,2470.87
2026-01-07,90003,1768.3,1787.2,1731.1,75275,2474.93
2026-01-08,90003,1775.0,1786.2,1768.4,151171,2467.32
2026-01-09,90003,1769.3,1778.4,1765.3,106458,2474.93
2026-01-12,90003,1748.4,1761.4,1740.0,145535,2490.63
2026-01-13,90003,1761.7,1766.4,1751.9,98692,2493.58
2026-01-14,90003,1762.4,1778.4,1723.2,92600,2499.47
2026-01-15,90003,1780.1,1820.6,1759.2,64845,2500.9
2026-01-16,90003,1796.1,1834.1,1781.2,90376,2501.52
2026-01-19,90003,1768.7,1787.4,1747.7,90412,2491.34
2026-01-20,90003,1741.4,1768.0,1722.1,55774,2496.7
2026-01-21,90003,1727.5,1753.5,1712.0,74513,2495.87
2026-01-22,90003,1707.9,1743.9,1699.1,80371,2528.04
2026-01-23,90003,1722.6,1735.4,1693.2,104014,2552.66
2026-01-26,90003,1729.7,1745.0,1720.8,105771,2559.21
2026-01-27,90003,1751.2,1766.9,1716.5,73431,2548.16
2026-01-28,90003,1759.3,1764.5,1747.6,106050,2531.84
2026-01-29,90003,1763.8,1780.1,1730.6,84443,2550.64
2026-01-30,90003,1787.6,1827.3,1751.0,32964,2555.3
2026-02-02,90003,1797.4,1838.7,1788.6,75956,2563.31
2026-02-03,90003,1799.2,1807.3,1792.0,131296,2537.26
2026-02-04,90003,1829.2,1852.1,1785.5,49957,2552.05
2026-02-05,90003,1831.9,1851.7,1808.8,93620,2559.66
2026-02-06,90003,1826.3,1850.5,1796.1,156749,2543.3
2026-02-09,90003,1810.0,1836.7,1805.4,68964,2536.75
2026-02-10,90003,1824.5,1829.0,1809.1,90067,2541.4
2026-02-11,90003,1849.9,1889.5,1824.7,57020,2542.84
2026-02-12,90003,1849.4,1894.5,1808.0,159069,2539.02
2026-02-13,90003,1876.6,1908.6,1861.2,87412,2538.08
2026-02-16,90003,1836.9,1868.4,1800.4,91480,2534.87
2026-02-17,90003,1836.2,1862.2,1804.6,144577,2537.83
2026-02-18,90003,1835.8,1853.6,1827.3,113446,2560.98
2026-02-19,90003,1821.7,1831.6,1805.7,66243,2522.47
2026-02-20,90003,1870.5,1899.4,1856.6,71755,2519.52
2026-02-23,90003,1869.7,1875.3,1846.9,107022,2522.82
2026-02-24,90003,1861.8,1900.8,1830.8,72339,2527.93
2026-02-25,90003,1862.7,1884.5,1840.5,42895,2522.93
2026-02-26,90003,1822.6,1843.6,1808.7,88338,2497.1
2026-02-27,90003,1807.9,1825.1,1775.3,53609,2502.65
2026-03-02,90003,1828.0,1872.4,1799.8,158460,2529.35
2026-03-03,90003,1815.9,1826.8,1790.5,95744,2506.81
2026-03-04,90003,1799.8,1809.7,1773.3,65562,2520.46
2026-03-05,90003,1826.4,1837.0,1813.4,70477,2516.13
2026-03-06,90003,1854.0,1885.8,1821.3,46456,2515.83
2026-03-09,90003,1865.0,1911.3,1844.7,61252,2500.61
2026-03-10,90003,1856.2,1869.9,1837.0,128447,2496.22
2026-03-11,90003,1851.8,1894.0,1841.7,196553,2516.4
2026-03-12,90003,1835.9,1851.4,1807.0,116053,2525.84
2026-03-13,90003,1816.4,1847.1,1787.6,87146,2552.87
2026-03-16,90003,1796.1,1801.4,1778.4,77371,2571.61
2026-03-17,90003,1784.4,1808.3,1745.5,64395,2579.04
2026-03-18,90003,1764.6,1794.7,1726.8,185068,2606.82
2026-03-19,90003,1735.0,1759.8,1727.1,84246,2614.35
2026-03-20,90003,1739.6,1752.6,1708.3,188722,2628.03
2026-03-23,90003,1744.5,1781.2,1725.2,146575,2624.01
2026-03-24,90003,1777.9,1821.1,1733.5,48936,2625.72
2026-03-25,90003,1765.3,1787.5,1752.7,71287,2615.41
2026-03-26,90003,1771.5,1801.0,1756.5,71210,2631.64
2026-03-27,90003,1778.1,1813.9,1756.4,87519,2613.75
2026-03-30,90003,1773.6,1787.0,1759.0,88120,2626.71
2026-03-31,90003,1788.6,1827.7,1756.5,256850,2624.36
2026-04-01,90003,1804.4,1819.6,1780.8,61730,2643.53
2026-04-02,90003,1811.3,1847.3,1798.5,97509,2656.13
2026-04-03,90003,1806.7,1815.0,1782.0,111674,2685.97
2026-04-06,90003,1800.0,1815.6,1759.6,89950,2698.45
2026-04-07,90003,1773.6,1798.9,1737.7,93538,2673.79
2026-04-08,90003,1758.4,1783.1,1734.7,62435,2673.38
2026-04-09,90003,1746.8,1784.5,1731.7,93417,2655.31
2026-04-10,90003,1725.8,1768.8,1715.2,107640,2647.73
2026-04-13,90003,1734.6,1742.4,1696.1,100934,2672.52
2026-04-14,90003,1758.0,1772.5,1725.8,109879,2683.43
2026-04-15,90003,1741.0,1758.8,1714.6,147558,2672.87
2026-04-16,90003,1746.9,1769.6,1708.0,124929,2657.32
2026-04-17,90003,1727.5,1750.6,1719.2,92274,2658.51
2026-04-20,90003,1722.2,1759.5,1691.7,59721,2639.84
2026-04-21,90003,1709.6,1743.3,1697.6,72952,2629.88
2026-04-22,90003,1721.4,1725.6,1713.2,83340,2635.47
2026-04-23,90003,1709.0,1730.3,1687.3,98310,2654.47
2026-04-24,90003,1728.5,1756.6,1709.7,76126,2664.85
2026-04-27,90003,1724.3,1746.0,1683.5,64864,2629.12
2026-04-28,90003,1712.5,1721.0,1696.3,59378,2634.58
2026-04-29,90003,1689.4,1708.3,1654.4,50496,2636.38
2026-04-30,90003,1694.6,1714.0,1662.0,82895,2643.6
2026-05-01,90003,1711.8,1722.6,1682.1,53808,2670.02
2026-05-04,90003,1717.4,1750.7,1677.6,63410,2637.83
2026-05-05,90003,1760.6,1777.2,1740.6,78409,2629.15
2026-05-06,90003,1789.0,1816.8,1769.4,56386,2639.15
2026-05-07,90003,1783.4,1808.1,1773.2,102793,2614.88
2026-05-08,90003,1777.6,1817.0,1762.8,116616,2638.8
2026-05-11,90003,1787.2,1795.8,1747.5,74255,2645.3
2026-05-12,90003,1771.3,1779.5,1748.4,77234,2659.43
2026-05-13,90003,1794.6,1810.6,1776.9,108625,2651.0
2026-05-14,90003,1802.2,1823.7,1789.7,70099,2664.64
2026-05-15,90003,1807.8,1823.8,1784.0,68432,2682.45
2026-05-18,90003,1821.9,1857.5,1788.2,136808,2686.87
2026-05-19,90003,1857.2,1871.4,1841.3,122642,2691.33
2026-05-20,90003,1861.2,1868.6,1825.0,111091,2696.37
2026-05-21,90003,1859.4,1880.8,1828.7,124435,2683.11
2026-05-22,90003,1890.9,1928.4,1852.9,45049,2681.41
2026-05-25,90003,1911.7,1952.9,1896.8,144553,2679.62
2026-05-26,90003,1905.4,1941.3,1873.9,103237,2686.47
2026-05-27,90003,1906.0,1934.2,1895.4,128198,2703.31
2026-05-28,90003,1910.6,1946.2,1890.8,103060,2686.86
2026-05-29,90003,1918.7,1952.6,1882.9,91554,2685.52
2026-06-01,90003,1890.7,1904.7,1859.5,81732,2710.17
2026-06-02,90003,1859.4,1886.6,1847.6,102340,2698.78
2026-06-03,90003,1841.8,1878.1,1801.7,80696,2686.17
2026-06-04,90003,1822.8,1839.7,1816.9,121944,2690.11
2026-06-05,90003,1810.4,1841.2,1782.0,51653,2704.45
2026-06-08,90003,1823.5,1847.3,1778.6,74459,2705.31
2026-06-09,90003,1820.6,1845.3,1794.7,184103,2727.65
2026-06-10,90003,1825.0,1832.4,1787.7,72289,2742.39
2026-06-11,90003,1801.0,1832.2,1772.8,82786,2756.97
2026-06-12,90003,1792.3,1831.6,1756.5,66082,2766.84
2026-06-15,90003,1804.4,1813.9,1773.6,101226,2806.46
2026-06-16,90003,1816.7,1835.6,1784.2,69554,2803.7
2026-06-17,90003,1802.7,1808.4,1789.7,84339,2770.89
2026-06-18,90003,1806.4,1811.2,1772.0,121135,2798.39
2026-06-19,90003,1851.1,1896.9,1837.2,70473,2791.42
2026-06-22,90003,1851.2,1875.9,1805.7,118607,2793.92
2026-06-23,90003,1837.6,1856.3,1824.3,120011,2816.67
2026-06-24,90003,1834.5,1849.8,1820.9,130196,2790.42
2026-06-25,90003,1836.8,1881.9,1796.9,94537,2770.23
2026-06-26,90003,1834.3,1848.6,1820.3,279849,2744.43
2026-06-29,90003,1834.1,1868.4,1815.2,130177,2732.07
2026-06-30,90003,1805.6,1821.0,1772.4,100838,2739.97
2026-07-01,90003,1787.1,1793.5,1777.0,66236,2749.29
2026-07-02,90003,1784.6,1816.2,1774.5,86993,2754.54
2026-07-03,90003,1781.8,1785.4,1758.3,148268,2731.97
2026-07-06,90003,1771.2,1802.2,1757.7,163718,2695.04
2026-07-07,90003,1768.2,1781.9,1755.0,150991,2696.59
2026-07-08,90003,1769.8,1803.7,1765.9,118466,2689.64
2026-07-09,90003,1787.6,1822.9,1768.8,57993,2697.74
2026-07-10,90003,1786.1,1819.5,1769.5,106731,2709.8
2026-07-13,90003,1794.4,1799.0,1789.6,58283,2712.73
2026-07-14,90003,1784.2,1816.7,1755.2,53473,2725.81
2026-07-15,90003,1795.9,1840.4,1766.5,97857,2730.24
2026-07-16,90003,1803.8,1817.5,1797.3,108086,2739.62
2026-07-17,90003,1821.5,1836.7,1804.6,123469,2728.75
2026-07-20,90003,1836.4,1874.4,1795.8,107104,2726.49
2026-07-21,90003,1848.8,1859.3,1820.3,108403,2730.39
2026-07-22,90003,1847.2,1879.0,1826.0,63763,2744.56
2026-07-23,90003,1852.7,1888.5,1829.1,86753,2738.76
2026-07-24,90003,1874.9,1880.3,1862.2,53107,2748.03
2026-07-27,90003,1862.0,1889.4,1823.5,44640,2744.33
2026-07-28,90003,1849.6,1877.8,1807.0,116633,2743.09
2026-07-29,90003,1853.8,1870.4,1811.3,69145,2757.46
2026-07-30,90003,1862.7,1904.0,1849.4,122141,2725.36
2026-07-31,90003,1846.4,1857.0,1829.5,132652,2704.92
2025-01-06,90004,941.9,952.7,930.7,458272,2505.2
2025-01-07,90004,949.9,967.0,928.2,444770,2490.24
2025-01-08,90004,941.3,961.5,928.8,295587,2502.1
2025-01-09,90004,917.4,934.5,898.3,228516,2516.89
2025-01-10,90004,919.1,924.7,912.5,309469,2488.22
2025-01-13,90004,913.2,922.8,904.0,413043,2469.48
2025-01-14,90004,907.8,912.9,904.4,201002,2471.99
2025-01-15,90004,933.4,950.0,922.5,347144,2467.92
2025-01-16,90004,913.8,920.8,897.9,385133,2468.29
2025-01-17,90004,918.8,931.8,899.3,389496,2456.3
2025-01-20,90004,906.2,924.6,892.6,333169,2469.91
2025-01-21,90004,918.0,934.0,902.6,372681,2482.09
2025-01-22,90004,922.0,930.1,916.4,767867,2483.69
2025-01-23,90004,927.0,936.0,924.4,529538,2501.17
2025-01-24,90004,915.0,930.5,896.5,345208,2508.82
2025-01-27,90004,905.3,918.6,900.1,410072,2496.55
2025-01-28,90004,917.3,921.2,913.6,415858,2502.7
2025-01-29,90004,940.5,961.3,918.3,321009,2488.97
2025-01-30,90004,947.0,960.0,924.1,320877,2502.75
2025-01-31,90004,935.3,947.3,920.2,598207,2502.62
2025-02-03,90004,939.9,946.0,929.8,362610,2500.47
2025-02-04,90004,972.5,982.9,951.9,286320,2490.9
2025-02-05,90004,974.0,983.5,967.5,413706,2509.87
2025-02-06,90004,994.3,1002.5,982.5,437710,2508.17
2025-02-07,90004,984.2,999.0,974.2,210567,2502.35
2025-02-10,90004,983.8,996.2,961.2,414052,2497.7
2025-02-11,90004,992.5,1014.8,969.5,569095,2506.31
2025-02-12,90004,998.2,1021.8,981.3,491855,2512.44
2025-02-13,90004,987.7,994.7,983.2,916610,2519.3
2025-02-14,90004,976.7,980.9,963.9,650761,2526.46
2025-02-17,90004,990.5,1010.3,982.9,697415,2559.77
2025-02-18,90004,1007.3,1032.3,984.8,1119105,2554.17
2025-02-19,90004,1029.0,1051.5,1023.7,547635,2546.97
2025-02-20,90004,1055.5,1058.2,1052.0,444668,2535.2
2025-02-21,90004,1057.6,1065.8,1038.4,590555,2545.22
2025-02-24,90004,1053.2,1056.3,1040.1,345337,2563.16
2025-02-25,90004,1073.4,1095.9,1050.6,436131,2562.05
2025-02-26,90004,1084.4,1101.0,1080.4,334805,2549.81
2025-02-27,90004,1069.7,1084.5,1047.9,482774,2537.86
2025-02-28,90004,1054.5,1070.1,1051.5,334315,2548.42
2025-03-03,90004,1062.0,1070.3,1059.2,330243,2560.45
2025-03-04,90004,1059.5,1076.3,1046.1,485398,2569.45
2025-03-05,90004,1059.3,1062.1,1051.7,400236,2559.85
2025-03-06,90004,1075.4,1093.6,1058.6,213924,2564.06
2025-03-07,90004,1087.1,1107.6,1084.3,252348,2566.5
2025-03-10,90004,1107.7,1127.1,1104.6,281100,2570.51
2025-03-11,90004,1078.3,1088.7,1058.1,308343,2584.63
2025-03-12,90004,1082.3,1105.0,1074.9,485560,2588.75
2025-03-13,90004,1093.0,1113.2,1074.3,453449,2599.97
2025-03-14,90004,1070.1,1075.4,1049.5,609782,2601.67
2025-03-17,90004,1060.5,1067.4,1056.9,546609,2606.84
2025-03-18,90004,1048.2,1065.7,1027.6,611197,2617.39
2025-03-19,90004,1048.7,1057.8,1040.1,519669,2595.25
2025-03-20,90004,1073.0,1078.1,1061.3,451982,2590.93
2025-03-21,90004,1104.0,1110.2,1099.6,617097,2584.27
2025-03-24,90004,1091.7,1098.0,1068.4,579432,2575.03
2025-03-25,90004,1099.9,1114.2,1083.5,479089,2571.42
2025-03-26,90004,1108.7,1126.4,1093.6,655324,2595.24
2025-03-27,90004,1114.9,1121.7,1087.9,184791,2582.44
2025-03-28,90004,1121.3,1142.0,1110.5,379400,2598.13
2025-03-31,90004,1126.3,1135.8,1101.0,377370,2572.68
2025-04-01,90004,1153.4,1164.0,1132.0,628724,2568.15
2025-04-02,90004,1171.5,1179.9,1144.1,727957,2571.3
2025-04-03,90004,1154.4,1177.6,1128.0,252823,2581.01
2025-04-04,90004,1167.5,1195.6,1138.6,688257,2592.7
2025-04-07,90004,1182.4,1198.1,1176.4,278731,2605.72
2025-04-08,90004,1187.8,1191.3,1163.7,281696,2600.92
2025-04-09,90004,1206.9,1216.6,1182.2,386934,2594.37
2025-04-10,90004,1210.3,1217.1,1189.9,375734,2608.41
2025-04-11,90004,1213.9,1239.8,1203.7,243424,2606.07
2025-04-14,90004,1216.1,1220.9,1186.7,527269,2586.84
2025-04-15,90004,1182.4,1211.1,1174.5,532746,2569.95
2025-04-16,90004,1181.3,1199.6,1165.3,607388,2556.45
2025-04-17,90004,1170.4,1186.7,1154.1,360879,2564.73
2025-04-18,90004,1151.3,1176.1,1144.7,414221,2567.57
2025-04-21,90004,1174.8,1177.9,1153.0,415550,2578.87
2025-04-22,90004,1183.3,1206.9,1178.6,758280,2572.91
2025-04-23,90004,1183.0,1188.6,1161.8,155752,2576.0
2025-04-24,90004,1173.9,1198.9,1148.6,300462,2586.34
2025-04-25,90004,1178.9,1195.7,1167.1,420815,2582.19
2025-04-28,90004,1195.6,1199.7,1173.7,287236,2589.92
2025-04-29,90004,1182.0,1207.0,1175.4,383692,2580.3
2025-04-30,90004,1182.1,1185.2,1156.8,401869,2575.33
2025-05-01,90004,1196.7,1203.0,1168.2,333640,2570.08
2025-05-02,90004,1164.9,1188.6,1158.5,429584,2552.34
2025-05-05,90004,1164.2,1178.9,1143.3,523274,2560.45
2025-05-06,90004,1157.4,1183.1,1141.6,386666,2553.89
2025-05-07,90004,1155.4,1174.6,1138.9,358395,2554.72
2025-05-08,90004,1147.4,1166.2,1126.5,396325,2562.74
2025-05-09,90004,1149.8,1159.9,1134.6,418908,2570.26
2025-05-12,90004,1181.4,1187.4,1162.7,228410,2581.18
2025-05-13,90004,1176.2,1204.6,1167.6,493636,2580.31
2025-05-14,90004,1181.2,1186.4,1168.6,358670,2574.4
2025-05-15,90004,1214.9,1232.1,1188.2,653140,2573.82
2025-05-16,90004,1205.7,1215.7,1200.3,516524,2548.53
2025-05-19,90004,1236.9,1246.9,1217.5,632561,2527.13
2025-05-20,90004,1237.2,1256.6,1229.5,294831,2507.78
2025-05-21,90004,1268.6,1294.5,1241.4,368805,2493.44
2025-05-22,90004,1282.2,1307.7,1262.6,271889,2500.05
2025-05-23,90004,1288.0,1316.3,1273.4,328139,2487.13
2025-05-26,90004,1287.0,1298.2,1277.0,650988,2482.11
2025-05-27,90004,1276.0,1292.2,1260.6,706890,2502.16
2025-05-28,90004,1277.5,1280.3,1246.8,281015,2497.44
2025-05-29,90004,1293.9,1318.7,1276.1,357758,2509.15
2025-05-30,90004,1293.8,1305.4,1277.2,408947,2495.75
2025-06-02,90004,1288.3,1307.5,1263.6,515540,2493.3
2025-06-03,90004,1284.0,1291.5,1270.2,226857,2479.75
2025-06-04,90004,1302.1,1329.3,1286.7,239656,2475.33
2025-06-05,90004,1324.8,1352.4,1311.9,498510,2488.47
2025-06-06,90004,1312.7,1341.8,1305.5,212319,2463.42
2025-06-09,90004,1300.7,1304.7,1276.7,359198,2470.47
2025-06-10,90004,1307.8,1340.3,1278.9,444516,2474.62
2025-06-11,90004,1336.3,1346.6,1305.8,485771,2466.43
2025-06-12,90004,1358.1,1370.5,1327.9,399675,2445.73
2025-06-13,90004,1334.7,1345.0,1318.2,369532,2447.4
2025-06-16,90004,1330.0,1340.8,1318.6,564451,2440.25
2025-06-17,90004,1313.0,1332.3,1291.1,464089,2444.27
2025-06-18,90004,1308.2,1318.1,1276.9,334888,2445.2
2025-06-19,90004,1338.2,1353.0,1313.1,425582,2469.43
2025-06-20,90004,1312.0,1334.4,1294.4,480277,2466.5
2025-06-23,90004,1282.8,1310.0,1259.9,766349,2452.02
2025-06-24,90004,1268.2,1290.9,1243.1,553060,2455.27
2025-06-25,90004,1273.5,1293.4,1244.0,642488,2459.13
2025-06-26,90004,1284.8,1291.7,1259.6,339183,2479.88
2025-06-27,90004,1292.9,1319.7,1277.4,349600,2492.96
2025-06-30,90004,1314.5,1318.3,1303.6,386786,2498.93
2025-07-01,90004,1282.7,1293.0,1265.3,399416,2521.6
2025-07-02,90004,1304.4,1308.7,1291.9,295138,2504.3
2025-07-03,90004,1298.9,1321.4,1268.1,654146,2495.33
2025-07-04,90004,1312.4,1326.2,1294.5,572165,2482.12
2025-07-07,90004,1288.5,1310.4,1272.0,377385,2476.94
2025-07-08,90004,1288.8,1301.7,1275.9,525764,2457.18
2025-07-09,90004,1293.3,1309.4,1271.7,454078,2467.18
2025-07-10,90004,1314.6,1331.1,1296.2,540337,2464.5
2025-07-11,90004,1285.9,1289.8,1279.5,262367,2443.46
2025-07-14,90004,1286.7,1302.0,1258.4,399124,2429.23
2025-07-15,90004,1267.5,1288.7,1254.5,411554,2434.41
2025-07-16,90004,1276.6,1295.2,1261.4,522450,2447.29
2025-07-17,90004,1290.8,1295.6,1282.1,337073,2477.41
2025-07-18,90004,1314.5,1337.3,1295.1,175086,2521.73
2025-07-21,90004,1304.9,1316.7,1281.2,287625,2528.64
2025-07-22,90004,1322.1,1325.2,1292.7,411121,2514.3
2025-07-23,90004,1347.7,1355.3,1343.5,429496,2482.96
2025-07-24,90004,1317.3,1335.0,1285.2,757153,2487.58
2025-07-25,90004,1328.8,1341.0,1304.7,515025,2476.09
2025-07-28,90004,1347.0,1371.2,1335.5,432157,2470.55
2025-07-29,90004,1342.3,1352.4,1333.3,415265,2462.11
2025-07-30,90004,1320.0,1346.1,1308.3,618142,2460.64
2025-07-31,90004,1337.7,1349.2,1308.1,341625,2477.05
2025-08-01,90004,1315.6,1337.0,1304.2,399876,2480.0
2025-08-04,90004,1312.5,1339.3,1295.9,286865,2478.26
2025-08-05,90004,1312.0,1326.3,1288.1,690124,2463.53
2025-08-06,90004,1325.4,1329.5,1296.2,481848,2439.51
2025-08-07,90004,1314.0,1332.8,1291.5,327871,2433.01
2025-08-08,90004,1301.7,1334.1,1276.5,403507,2432.83
2025-08-11,90004,1303.7,1335.3,1295.9,502016,2459.39
2025-08-12,90004,1322.4,1331.7,1293.0,384715,2461.93
2025-08-13,90004,1365.6,1392.1,1354.2,348343,2477.11
2025-08-14,90004,1337.3,1350.6,1330.7,334039,2470.32
2025-08-15,90004,1343.4,1351.1,1310.6,472903,2453.43
2025-08-18,90004,1323.3,1346.2,1314.6,370530,2439.87
2025-08-19,90004,1342.5,1360.7,1335.6,358324,2429.89
2025-08-20,90004,1325.2,1344.3,1303.5,263126,2461.73
2025-08-21,90004,1313.0,1340.6,1300.7,431569,2450.24
2025-08-22,90004,1302.4,1315.1,1295.8,394187,2463.22
2025-08-25,90004,1301.2,1323.7,1280.6,375282,2450.52
2025-08-26,90004,1307.3,1320.9,1281.8,450259,2464.87
2025-08-27,90004,1316.4,1320.3,1289.7,545692,2471.19
2025-08-28,90004,1316.4,1330.5,1309.1,536895,2469.48
2025-08-29,90004,1292.4,1323.2,1273.2,509642,2469.5
2025-09-01,90004,1305.8,1322.9,1278.7,386070,2460.43
2025-09-02,90004,1302.6,1308.4,1295.1,344400,2467.64
2025-09-03,90004,1321.6,1345.2,1312.7,291454,2461.53
2025-09-04,90004,1306.3,1337.9,1303.6,341261,2444.1
2025-09-05,90004,1275.1,1304.3,1257.2,422898,2426.04
2025-09-08,90004,1272.3,1291.5,1264.0,318956,2429.16
2025-09-09,90004,1293.3,1307.1,1269.2,434360,2452.9
2025-09-10,90004,1293.9,1313.8,1262.7,299569,2455.87
2025-09-11,90004,1288.1,1314.8,1279.3,234840,2454.74
2025-09-12,90004,1270.2,1297.9,1248.7,559501,2459.56
2025-09-15,90004,1299.6,1326.6,1290.6,355743,2479.53
2025-09-16,90004,1278.7,1294.6,1275.6,313341,2483.42
2025-09-17,90004,1263.5,1269.5,1239.0,286405,2477.92
2025-09-18,90004,1271.4,1290.6,1256.2,487025,2495.05
2025-09-19,90004,1236.6,1243.5,1207.2,679578,2502.1
2025-09-22,90004,1256.6,1260.9,1238.6,364737,2525.9
2025-09-23,90004,1265.4,1282.4,1258.2,389478,2529.31
2025-09-24,90004,1279.1,1300.9,1263.3,611139,2511.42
2025-09-25,90004,1286.8,1314.7,1278.2,222872,2491.51
2025-09-26,90004,1281.6,1307.2,1253.2,836025,2516.94
2025-09-29,90004,1260.4,1287.8,1237.8,988007,2543.74
2025-09-30,90004,1255.6,1280.1,1243.3,162883,2541.64
2025-10-01,90004,1236.4,1258.9,1218.9,405908,2536.44
2025-10-02,90004,1242.6,1245.3,1220.9,326563,2559.42
2025-10-03,90004,1254.4,1275.0,1229.3,382827,2543.11
2025-10-06,90004,1278.3,1284.4,1273.4,362788,2530.13
2025-10-07,90004,1282.6,1286.9,1279.4,558006,2540.55
2025-10-08,90004,1296.9,1304.2,1290.9,403773,2535.17
2025-10-09,90004,1289.2,1316.2,1274.9,305343,2535.73
2025-10-10,90004,1278.2,1302.6,1261.9,395436,2533.88
2025-10-13,90004,1284.3,1314.9,1277.7,502919,2539.65
2025-10-14,90004,1275.1,1306.3,1260.5,277536,2561.83
2025-10-15,90004,1277.5,1306.3,1262.0,236056,2563.86
2025-10-16,90004,1256.3,1262.7,1250.7,843630,2574.43
2025-10-17,90004,1238.6,1266.1,1210.0,335427,2543.59
2025-10-20,90004,1247.4,1273.9,1227.7,400286,2543.48
2025-10-21,90004,1260.6,1288.4,1246.8,365412,2531.28
2025-10-22,90004,1241.0,1247.8,1224.0,508815,2513.46
2025-10-23,90004,1250.3,1256.2,1238.8,781121,2500.88
2025-10-24,90004,1238.7,1267.5,1211.9,514518,2496.5
2025-10-27,90004,1236.7,1244.1,1217.8,246861,2510.88
2025-10-28,90004,1259.1,1272.3,1242.2,258736,2491.6
2025-10-29,90004,1271.0,1286.8,1241.8,365262,2492.68
2025-10-30,90004,1282.8,1289.0,1255.5,382364,2486.07
2025-10-31,90004,1315.0,1318.3,1287.8,229883,2481.81
2025-11-03,90004,1299.6,1332.0,1290.3,559489,2497.41
2025-11-04,90004,1279.4,1307.7,1272.3,287160,2506.11
2025-11-05,90004,1264.1,1293.2,1241.5,708330,2526.94
2025-11-06,90004,1257.2,1267.9,1241.1,794311,2525.23
2025-11-07,90004,1214.1,1222.7,1192.6,385047,2515.33
2025-11-10,90004,1208.2,1222.5,1184.7,489750,2512.58
2025-11-11,90004,1196.7,1211.6,1186.2,272891,2516.87
2025-11-12,90004,1207.6,1210.2,1197.3,522456,2520.17
2025-11-13,90004,1211.2,1235.4,1195.1,352795,2504.45
2025-11-14,90004,1198.8,1228.6,1188.8,287068,2506.44
2025-11-17,90004,1206.3,1223.4,1185.4,379550,2510.5
2025-11-18,90004,1216.2,1229.5,1192.9,356824,2549.35
2025-11-19,90004,1200.9,1214.1,1185.4,374821,2578.86
2025-11-20,90004,1190.3,1195.3,1168.1,585603,2566.33
2025-11-21,90004,1151.5,1160.9,1135.7,319065,2562.55
2025-11-24,90004,1131.8,1147.2,1111.0,770864,2540.79
2025-11-25,90004,1117.9,1131.2,1109.9,264141,2532.43
2025-11-26,90004,1116.9,1133.1,1095.6,739264,2537.86
2025-11-27,90004,1100.0,1123.7,1079.7,294263,2556.93
2025-11-28,90004,1089.9,1097.8,1081.1,419851,2546.41
2025-12-01,90004,1069.3,1072.1,1053.5,353783,2537.07
2025-12-02,90004,1069.7,1072.8,1046.5,372392,2505.22
2025-12-03,90004,1073.9,1079.4,1065.6,555978,2503.4
2025-12-04,90004,1077.8,1094.1,1057.4,709949,2488.11
2025-12-05,90004,1075.9,1098.0,1050.1,637107,2480.84
2025-12-08,90004,1050.8,1074.3,1027.7,364510,2468.44
2025-12-09,90004,1039.6,1056.9,1027.9,447977,2467.66
2025-12-10,90004,1031.6,1043.2,1015.1,319426,2442.38
2025-12-11,90004,1023.7,1029.4,998.3,296845,2421.59
2025-12-12,90004,1022.7,1034.2,1007.3,281195,2453.33
2025-12-15,90004,1041.2,1051.2,1036.3,360360,2435.06
2025-12-16,90004,1050.9,1074.1,1047.7,458342,2419.7
2025-12-17,90004,1034.4,1048.0,1013.5,215103,2447.13
2025-12-18,90004,1042.1,1049.6,1029.9,413240,2490.78
2025-12-19,90004,1049.3,1058.4,1041.3,713986,2473.95
2025-12-22,90004,1035.4,1040.7,1025.1,621989,2469.1
2025-12-23,90004,1045.6,1069.8,1025.3,342215,2474.79
2025-12-24,90004,1041.1,1044.4,1027.9,257584,2501.22
2025-12-25,90004,1018.6,1021.0,996.3,493338,2487.07
2025-12-26,90004,1023.0,1029.4,1003.7,186634,2484.04
2025-12-29,90004,1024.0,1045.1,999.0,619435,2496.27
2025-12-30,90004,1018.6,1032.9,995.8,389747,2503.42
2025-12-31,90004,1015.9,1032.6,1008.0,797283,2498.4
2026-01-01,90004,1003.6,1013.9,986.4,229480,2497.02
2026-01-02,90004,1010.1,1013.7,1007.6,579175,2477.12
2026-01-05,90004,1007.4,1029.2,982.4,405482,2474.2
2026-01-06,90004,1007.6,1014.0,999.5,374049,2470.87
2026-01-07,90004,1010.5,1013.3,993.0,260033,2474.93
2026-01-08,90004,992.2,1007.2,970.8,517374,2467.32
2026-01-09,90004,977.7,981.6,972.2,532137,2474.93
2026-01-12,90004,945.9,949.9,925.6,784502,2490.63
2026-01-13,90004,951.4,970.8,949.2,597690,2493.58
2026-01-14,90004,933.4,945.8,922.0,341173,2499.47
2026-01-15,90004,933.1,940.1,921.1,295569,2500.9
2026-01-16,90004,935.9,945.3,926.0,260156,2501.52
2026-01-19,90004,941.8,959.5,927.2,703370,2491.34
2026-01-20,90004,924.1,927.3,902.8,319863,2496.7
2026-01-21,90004,921.2,925.5,912.4,705096,2495.87
2026-01-22,90004,940.9,956.2,926.5,504733,2528.04
2026-01-23,90004,961.7,977.0,940.4,471406,2552.66
2026-01-26,90004,972.9,996.6,953.7,377228,2559.21
2026-01-27,90004,975.4,985.8,972.5,529265,2548.16
2026-01-28,90004,959.6,963.0,936.9,417731,2531.84
2026-01-29,90004,967.2,981.1,964.2,369086,2550.64
2026-01-30,90004,962.9,979.0,948.0,535851,2555.3
2026-02-02,90004,968.4,973.4,953.6,399360,2563.31
2026-02-03,90004,957.7,971.8,938.5,317614,2537.26
2026-02-04,90004,953.2,959.5,948.1,518113,2552.05
2026-02-05,90004,953.3,973.7,947.5,410698,2559.66
2026-02-06,90004,954.5,974.7,936.0,498385,2543.3
2026-02-09,90004,958.9,970.3,953.7,358311,2536.75
2026-02-10,90004,949.0,972.0,936.9,275080,2541.4
2026-02-11,90004,929.2,952.0,911.7,770878,2542.84
2026-02-12,90004,948.5,953.2,932.4,721670,2539.02
2026-02-13,90004,979.9,990.1,973.2,572251,2538.08
2026-02-16,90004,983.8,999.3,974.9,366691,2534.87
2026-02-17,90004,963.5,967.3,940.1,378094,2537.83
2026-02-18,90004,951.0,961.2,939.2,681345,2560.98
2026-02-19,90004,955.6,963.2,952.7,371078,2522.47
2026-02-20,90004,971.4,994.6,964.6,336588,2519.52
2026-02-23,90004,952.9,963.8,943.5,808788,2522.82
2026-02-24,90004,949.0,967.6,925.3,413049,2527.93
2026-02-25,90004,949.4,959.8,940.9,779929,2522.93
2026-02-26,90004,958.7,963.6,956.2,257447,2497.1
2026-02-27,90004,951.9,972.7,938.8,503517,2502.65
2026-03-02,90004,929.1,931.0,925.5,867082,2529.35
2026-03-03,90004,935.0,938.1,927.3,424396,2506.81
2026-03-04,90004,947.7,957.5,924.1,382930,2520.46
2026-03-05,90004,944.3,961.1,927.1,279092,2516.13
2026-03-06,90004,947.5,956.8,944.5,613435,2515.83
2026-03-09,90004,939.0,942.3,927.4,320765,2500.61
2026-03-10,90004,925.7,934.3,920.2,406291,2496.22
2026-03-11,90004,936.9,944.0,932.3,272647,2516.4
2026-03-12,90004,939.7,941.7,925.1,724272,2525.84
2026-03-13,90004,943.9,957.4,931.1,629209,2552.87
2026-03-16,90004,961.7,966.2,943.3,415382,2571.61
2026-03-17,90004,945.3,953.4,924.0,280423,2579.04
2026-03-18,90004,935.7,951.4,928.6,718971,2606.82
2026-03-19,90004,935.5,953.0,913.8,369510,2614.35
2026-03-20,90004,925.9,933.4,913.0,285269,2628.03
2026-03-23,90004,933.9,942.8,926.4,226674,2624.01
2026-03-24,90004,929.1,936.3,909.2,335012,2625.72
2026-03-25,90004,914.1,936.0,911.5,252429,2615.41
2026-03-26,90004,912.7,918.5,899.1,337736,2631.64
2026-03-27,90004,912.6,918.3,895.6,545006,2613.75
2026-03-30,90004,922.3,933.6,914.6,368287,2626.71
2026-03-31,90004,925.1,931.0,904.9,475680,2624.36
2026-04-01,90004,928.8,934.0,921.8,326062,2643.53
2026-04-02,90004,930.7,934.6,910.8,429689,2656.13
2026-04-03,90004,925.9,941.4,922.4,822682,2685.97
2026-04-06,90004,914.4,929.1,909.2,371773,2698.45
2026-04-07,90004,915.8,931.3,905.9,480489,2673.79
2026-04-08,90004,909.2,927.2,889.5,242819,2673.38
2026-04-09,90004,928.6,937.5,923.7,715006,2655.31
2026-04-10,90004,943.9,965.7,923.0,355395,2647.73
2026-04-13,90004,949.8,967.8,942.9,606643,2672.52
2026-04-14,90004,952.5,972.0,940.6,402277,2683.43
2026-04-15,90004,948.9,966.5,939.3,520248,2672.87
2026-04-16,90004,929.9,939.4,925.5,531184,2657.32
2026-04-17,90004,924.7,932.5,902.7,358489,2658.51
2026-04-20,90004,923.6,934.4,912.5,615492,2639.84
2026-04-21,90004,924.2,928.1,907.7,322018,2629.88
2026-04-22,90004,927.9,939.4,913.7,551439,2635.47
2026-04-23,90004,937.5,940.3,924.8,366384,2654.47
2026-04-24,90004,926.0,928.0,911.0,474660,2664.85
2026-04-27,90004,914.8,936.2,894.1,357293,2629.12
2026-04-28,90004,931.1,947.8,914.3,427411,2634.58
2026-04-29,90004,938.8,952.8,925.4,288331,2636.38
2026-04-30,90004,931.2,940.4,915.5,458013,2643.6
2026-05-01,90004,927.3,941.4,912.5,426546,2670.02
2026-05-04,90004,923.5,944.3,912.5,347651,2637.83
2026-05-05,90004,921.5,937.2,906.4,411988,2629.15
2026-05-06,90004,925.1,939.8,913.9,440167,2639.15
2026-05-07,90004,956.0,968.0,937.4,338501,2614.88
2026-05-08,90004,956.0,965.5,932.8,401492,2638.8
2026-05-11,90004,962.3,979.7,939.1,295394,2645.3
2026-05-12,90004,937.3,960.3,917.7,954570,2659.43
2026-05-13,90004,928.4,939.4,913.7,608469,2651.0
2026-05-14,90004,942.0,952.4,923.9,462126,2664.64
2026-05-15,90004,944.7,955.9,939.0,633015,2682.45
2026-05-18,90004,886.0,896.4,874.5,210085,2686.87
2026-05-19,90004,891.9,914.0,884.9,171582,2691.33
2026-05-20,90004,913.7,930.4,911.8,365221,2696.37
2026-05-21,90004,886.1,895.2,864.6,259240,2683.11
2026-05-22,90004,902.6,912.1,882.9,386620,2681.41
2026-05-25,90004,865.9,876.2,853.9,451346,2679.62
2026-05-26,90004,874.9,877.3,868.0,579635,2686.47
2026-05-27,90004,872.3,884.6,856.7,281987,2703.31
2026-05-28,90004,841.7,859.1,831.6,483052,2686.86
2026-05-29,90004,844.6,859.1,827.3,422120,2685.52
2026-06-01,90004,855.9,861.5,834.5,474320,2710.17
2026-06-02,90004,857.9,873.9,849.3,350140,2698.78
2026-06-03,90004,862.5,878.5,855.9,681538,2686.17
2026-06-04,90004,855.1,861.9,848.1,405056,2690.11
2026-06-05,90004,830.7,844.3,827.2,781502,2704.45
2026-06-08,90004,836.4,849.8,827.1,318498,2705.31
2026-06-09,90004,854.7,872.9,852.6,544704,2727.65
2026-06-10,90004,865.8,870.2,861.8,411319,2742.39
2026-06-11,90004,839.6,845.0,832.7,374482,2756.97
2026-06-12,90004,819.6,830.4,814.9,524038,2766.84
2026-06-15,90004,807.6,810.0,792.4,378245,2806.46
2026-06-16,90004,787.5,796.6,784.0,165433,2803.7
2026-06-17,90004,785.6,801.5,768.4,143775,2770.89
2026-06-18,90004,787.7,791.9,782.1,655633,2798.39
2026-06-19,90004,769.8,779.5,766.3,646029,2791.42
2026-06-22,90004,775.9,795.1,774.2,813075,2793.92
2026-06-23,90004,780.1,790.8,765.7,417431,2816.67
2026-06-24,90004,771.9,782.3,765.8,267155,2790.42
2026-06-25,90004,767.7,779.1,757.2,362636,2770.23
2026-06-26,90004,744.8,749.5,741.4,421682,2744.43
2026-06-29,90004,739.1,743.1,720.9,295240,2732.07
2026-06-30,90004,737.0,749.9,733.4,747889,2739.97
2026-07-01,90004,736.5,744.6,728.0,919730,2749.29
2026-07-02,90004,738.1,744.5,722.2,496534,2754.54
2026-07-03,90004,738.4,740.4,732.8,418406,2731.97
2026-07-06,90004,733.4,749.2,727.5,266937,2695.04
2026-07-07,90004,734.1,736.1,719.0,721625,2696.59
2026-07-08,90004,742.2,756.5,736.1,431368,2689.64
2026-07-09,90004,738.9,746.9,737.4,379573,2697.74
2026-07-10,90004,739.9,751.6,731.2,497037,2709.8
2026-07-13,90004,735.7,741.4,734.0,342152,2712.73
2026-07-14,90004,726.8,730.9,710.1,442155,2725.81
2026-07-15,90004,729.9,740.3,717.6,253506,2730.24
2026-07-16,90004,721.9,734.9,710.8,614454,2739.62
2026-07-17,90004,723.6,728.3,718.8,404928,2728.75
2026-07-20,90004,721.6,730.2,708.5,630072,2726.49
2026-07-21,90004,716.2,725.0,703.6,391449,2730.39
2026-07-22,90004,710.7,715.6,708.3,400448,2744.56
2026-07-23,90004,703.4,713.9,687.7,274772,2738.76
2026-07-24,90004,685.1,688.8,674.6,547942,2748.03
2026-07-27,90004,686.6,696.0,672.7,309114,2744.33
2026-07-28,90004,686.6,689.8,681.1,354251,2743.09
2026-07-29,90004,692.6,701.7,689.3,420153,2757.46
2026-07-30,90004,685.2,691.5,672.8,438203,2725.36
2026-07-31,90004,701.3,710.0,687.1,231162,2704.92
2025-01-06,90005,1247.4,1263.1,1224.6,124260,2505.2
2025-01-07,90005,1257.6,1271.3,1253.4,76190,2490.24
2025-01-08,90005,1253.2,1270.7,1240.3,96002,2502.1
2025-01-09,90005,1250.6,1266.9,1239.5,111351,2516.89
2025-01-10,90005,1252.9,1263.3,1244.1,99522,2488.22
2025-01-13,90005,1251.6,1266.3,1228.8,119326,2469.48
2025-01-14,90005,1239.1,1267.4,1217.8,223586,2471.99
2025-01-15,90005,1238.9,1255.7,1221.2,185675,2467.92
2025-01-16,90005,1251.5,1280.4,1222.8,113511,2468.29
2025-01-17,90005,1238.7,1256.9,1233.3,78617,2456.3
2025-01-20,90005,1234.4,1258.7,1227.6,191630,2469.91
2025-01-21,90005,1217.7,1228.4,1204.5,117957,2482.09
2025-01-22,90005,1229.5,1254.3,1208.5,65576,2483.69
2025-01-23,90005,1228.6,1238.5,1209.7,153983,2501.17
2025-01-24,90005,1218.5,1221.5,1214.0,171825,2508.82
2025-01-27,90005,1219.9,1226.8,1190.5,51337,2496.55
2025-01-28,90005,1205.5,1208.6,1194.7,89917,2502.7
2025-01-29,90005,1193.4,1221.8,1181.2,115449,2488.97
2025-01-30,90005,1176.4,1205.8,1157.2,155177,2502.75
2025-01-31,90005,1164.2,1186.9,1136.5,100181,2502.62
2025-02-03,90005,1180.3,1185.6,1160.0,89679,2500.47
2025-02-04,90005,1172.0,1198.5,1143.9,154779,2490.9
2025-02-05,90005,1177.7,1200.2,1170.3,101857,2509.87
2025-02-06,90005,1168.1,1179.4,1149.2,145069,2508.17
2025-02-07,90005,1177.3,1193.3,1152.5,81325,2502.35
2025-02-10,90005,1165.5,1185.6,1149.6,74751,2497.7
2025-02-11,90005,1166.3,1169.2,1154.2,156309,2506.31
2025-02-12,90005,1167.1,1182.9,1138.4,131088,2512.44
2025-02-13,90005,1194.9,1217.4,1188.6,165728,2519.3
2025-02-14,90005,1202.7,1210.3,1188.9,99592,2526.46
2025-02-17,90005,1195.9,1210.5,1169.4,90849,2559.77
2025-02-18,90005,1204.3,1221.5,1177.0,193203,2554.17
2025-02-19,90005,1230.6,1253.9,1200.4,70418,2546.97
2025-02-20,90005,1211.0,1240.3,1183.9,185954,2535.2
2025-02-21,90005,1201.1,1227.0,1197.3,190503,2545.22
2025-02-24,90005,1198.5,1218.1,1170.5,162150,2563.16
2025-02-25,90005,1193.8,1212.2,1179.7,94326,2562.05
2025-02-26,90005,1190.1,1209.0,1169.9,90171,2549.81
2025-02-27,90005,1174.9,1192.0,1161.9,111494,2537.86
2025-02-28,90005,1191.8,1195.8,1167.1,76266,2548.42
2025-03-03,90005,1175.2,1196.5,1157.3,85703,2560.45
2025-03-04,90005,1173.2,1194.8,1148.0,150377,2569.45
2025-03-05,90005,1185.7,1202.1,1178.1,150620,2559.85
2025-03-06,90005,1185.6,1211.8,1178.2,83107,2564.06
2025-03-07,90005,1174.4,1194.9,1160.1,152038,2566.5
2025-03-10,90005,1158.9,1170.9,1156.4,140681,2570.51
2025-03-11,90005,1156.5,1159.3,1135.7,203558,2584.63
2025-03-12,90005,1148.0,1151.9,1137.9,146450,2588.75
2025-03-13,90005,1150.6,1162.2,1133.6,173815,2599.97
2025-03-14,90005,1134.8,1149.2,1130.7,141807,2601.67
2025-03-17,90005,1144.4,1151.0,1137.6,169096,2606.84
2025-03-18,90005,1145.9,1153.2,1127.2,76477,2617.39
2025-03-19,90005,1148.4,1156.7,1138.0,114994,2595.25
2025-03-20,90005,1165.3,1188.5,1157.2,118373,2590.93
2025-03-21,90005,1160.5,1183.4,1152.0,110187,2584.27
2025-03-24,90005,1152.3,1164.8,1144.3,140169,2575.03
2025-03-25,90005,1146.3,1153.1,1127.6,149833,2571.42
2025-03-26,90005,1144.3,1149.5,1137.6,137659,2595.24
2025-03-27,90005,1143.5,1148.1,1131.7,112793,2582.44
2025-03-28,90005,1134.3,1146.8,1114.1,92757,2598.13
2025-03-31,90005,1111.9,1115.2,1096.5,176180,2572.68
2025-04-01,90005,1105.9,1116.6,1088.5,135625,2568.15
2025-04-02,90005,1110.1,1136.9,1101.5,84013,2571.3
2025-04-03,90005,1111.9,1127.1,1085.8,112134,2581.01
2025-04-04,90005,1125.5,1149.1,1112.6,65192,2592.7
2025-04-07,90005,1148.0,1153.7,1138.1,121494,2605.72
2025-04-08,90005,1157.0,1166.5,1130.6,111950,2600.92
2025-04-09,90005,1173.4,1201.3,1153.3,98143,2594.37
2025-04-10,90005,1182.7,1195.5,1163.6,208951,2608.41
2025-04-11,90005,1203.3,1223.7,1176.4,80064,2606.07
2025-04-14,90005,1226.1,1256.1,1222.0,153657,2586.84
2025-04-15,90005,1238.1,1256.2,1211.7,257969,2569.95
2025-04-16,90005,1247.1,1258.4,1225.2,174956,2556.45
2025-04-17,90005,1244.8,1262.6,1232.0,118682,2564.73
2025-04-18,90005,1244.6,1248.6,1234.8,80686,2567.57
2025-04-21,90005,1240.7,1246.4,1235.2,74497,2578.87
2025-04-22,90005,1248.7,1251.4,1219.2,103902,2572.91
2025-04-23,90005,1240.0,1267.7,1233.5,94352,2576.0
2025-04-24,90005,1237.9,1259.5,1228.0,93284,2586.34
2025-04-25,90005,1209.3,1220.1,1187.7,107048,2582.19
2025-04-28,90005,1230.6,1239.4,1208.1,115781,2589.92
2025-04-29,90005,1228.2,1249.9,1221.2,142211,2580.3
2025-04-30,90005,1234.1,1262.6,1208.5,77809,2575.33
2025-05-01,90005,1252.5,1263.6,1235.3,94510,2570.08
2025-05-02,90005,1256.5,1268.3,1229.5,113477,2552.34
2025-05-05,90005,1275.1,1302.7,1270.0,112064,2560.45
2025-05-06,90005,1259.6,1288.0,1255.9,228204,2553.89
2025-05-07,90005,1290.5,1320.2,1269.0,130161,2554.72
2025-05-08,90005,1304.9,1316.3,1297.7,68219,2562.74
2025-05-09,90005,1307.9,1314.1,1289.5,138914,2570.26
2025-05-12,90005,1326.9,1343.0,1323.9,145252,2581.18
2025-05-13,90005,1311.8,1323.4,1285.7,114858,2580.31
2025-05-14,90005,1308.3,1337.5,1278.6,78476,2574.4
2025-05-15,90005,1327.6,1331.4,1299.4,222029,2573.82
2025-05-16,90005,1303.4,1325.0,1272.0,82519,2548.53
2025-05-19,90005,1311.0,1340.9,1281.1,151223,2527.13
2025-05-20,90005,1318.3,1350.5,1302.2,128703,2507.78
2025-05-21,90005,1344.8,1367.6,1329.8,148083,2493.44
2025-05-22,90005,1324.0,1355.5,1294.0,218086,2500.05
2025-05-23,90005,1345.7,1350.8,1314.4,146066,2487.13
2025-05-26,90005,1338.5,1352.3,1305.9,98687,2482.11
2025-05-27,90005,1332.8,1335.8,1306.6,176723,2502.16
2025-05-28,90005,1316.9,1349.3,1308.2,96217,2497.44
2025-05-29,90005,1303.0,1332.6,1272.1,127069,2509.15
2025-05-30,90005,1308.5,1312.0,1277.4,76318,2495.75
2025-06-02,90005,1294.4,1297.5,1271.9,83583,2493.3
2025-06-03,90005,1304.3,1317.9,1275.9,122177,2479.75
2025-06-04,90005,1295.9,1306.2,1276.6,136499,2475.33
2025-06-05,90005,1280.6,1308.1,1250.2,66132,2488.47
2025-06-06,90005,1274.1,1281.4,1268.8,142813,2463.42
2025-06-09,90005,1278.7,1304.5,1250.7,90079,2470.47
2025-06-10,90005,1275.4,1294.3,1271.3,187800,2474.62
2025-06-11,90005,1276.2,1289.8,1263.6,106091,2466.43
2025-06-12,90005,1285.4,1292.2,1278.8,80981,2445.73
2025-06-13,90005,1299.6,1332.0,1282.7,123226,2447.4
2025-06-16,90005,1295.9,1316.9,1286.4,87078,2440.25
2025-06-17,90005,1282.7,1298.2,1252.1,187096,2444.27
2025-06-18,90005,1284.0,1297.5,1264.9,120022,2445.2
2025-06-19,90005,1290.3,1319.8,1261.1,113795,2469.43
2025-06-20,90005,1271.9,1298.4,1261.2,147617,2466.5
2025-06-23,90005,1260.9,1286.9,1257.6,84416,2452.02
2025-06-24,90005,1252.1,1272.4,1227.3,76423,2455.27
2025-06-25,90005,1249.8,1277.8,1227.1,138436,2459.13
2025-06-26,90005,1240.6,1251.6,1222.5,81663,2479.88
2025-06-27,90005,1249.7,1272.4,1223.7,81653,2492.96
2025-06-30,90005,1230.0,1243.9,1203.8,160831,2498.93
2025-07-01,90005,1211.0,1230.2,1192.2,144209,2521.6
2025-07-02,90005,1207.3,1237.4,1178.0,77374,2504.3
2025-07-03,90005,1205.4,1235.1,1183.0,96620,2495.33
2025-07-04,90005,1188.3,1204.6,1167.4,87460,2482.12
2025-07-07,90005,1181.3,1199.3,1169.1,223453,2476.94
2025-07-08,90005,1176.9,1203.5,1174.4,164777,2457.18
2025-07-09,90005,1172.5,1201.4,1163.7,103564,2467.18
2025-07-10,90005,1174.5,1197.9,1151.6,146813,2464.5
2025-07-11,90005,1167.0,1171.1,1145.7,74651,2443.46
2025-07-14,90005,1184.7,1195.8,1173.3,94828,2429.23
2025-07-15,90005,1190.7,1217.7,1171.2,124486,2434.41
2025-07-16,90005,1181.4,1204.7,1173.8,140579,2447.29
2025-07-17,90005,1182.8,1205.4,1173.3,115975,2477.41
2025-07-18,90005,1184.5,1205.1,1156.4,130882,2521.73
2025-07-21,90005,1199.3,1213.1,1185.5,123335,2528.64
2025-07-22,90005,1192.4,1205.8,1183.3,113322,2514.3
2025-07-23,90005,1201.8,1226.6,1185.9,108184,2482.96
2025-07-24,90005,1202.6,1213.1,1189.5,103368,2487.58
2025-07-25,90005,1220.9,1242.6,1198.0,130147,2476.09
2025-07-28,90005,1237.1,1260.2,1207.2,138556,2470.55
2025-07-29,90005,1239.8,1266.3,1220.4,128627,2462.11
2025-07-30,90005,1236.8,1248.4,1217.5,79438,2460.64
2025-07-31,90005,1243.3,1267.0,1230.4,84594,2477.05
2025-08-01,90005,1241.4,1246.9,1222.8,137978,2480.0
2025-08-04,90005,1262.7,1269.2,1250.9,200853,2478.26
2025-08-05,90005,1264.0,1278.6,1261.4,126575,2463.53
2025-08-06,90005,1259.1,1263.2,1231.5,103897,2439.51
2025-08-07,90005,1253.6,1283.5,1238.7,129802,2433.01
2025-08-08,90005,1238.8,1267.0,1222.3,80608,2432.83
2025-08-11,90005,1246.0,1249.9,1241.1,189733,2459.39
2025-08-12,90005,1236.1,1262.4,1209.8,128098,2461.93
2025-08-13,90005,1250.0,1267.1,1242.6,94933,2477.11
2025-08-14,90005,1234.2,1256.6,1220.1,113195,2470.32
2025-08-15,90005,1236.0,1263.7,1209.7,99786,2453.43
2025-08-18,90005,1250.6,1269.7,1235.0,189914,2439.87
2025-08-19,90005,1224.3,1230.0,1195.6,111799,2429.89
2025-08-20,90005,1249.5,1252.1,1241.0,126706,2461.73
2025-08-21,90005,1244.5,1261.2,1221.5,146686,2450.24
2025-08-22,90005,1246.5,1276.2,1216.0,92593,2463.22
2025-08-25,90005,1253.9,1272.9,1235.6,128417,2450.52
2025-08-26,90005,1263.3,1276.7,1240.7,132098,2464.87
2025-08-27,90005,1267.1,1270.5,1253.1,69655,2471.19
2025-08-28,90005,1280.1,1309.6,1255.4,131096,2469.48
2025-08-29,90005,1287.0,1299.3,1257.5,118093,2469.5
2025-09-01,90005,1310.2,1334.0,1286.3,125584,2460.43
2025-09-02,90005,1317.3,1341.0,1286.3,121505,2467.64
2025-09-03,90005,1343.7,1354.3,1322.9,131394,2461.53
2025-09-04,90005,1356.2,1360.9,1335.5,191629,2444.1
2025-09-05,90005,1332.2,1346.7,1320.2,79413,2426.04
2025-09-08,90005,1367.8,1380.5,1342.7,106456,2429.16
2025-09-09,90005,1360.2,1384.9,1329.9,151533,2452.9
2025-09-10,90005,1381.0,1409.8,1357.7,141998,2455.87
2025-09-11,90005,1381.7,1391.5,1371.5,140932,2454.74
2025-09-12,90005,1396.8,1416.5,1376.5,314581,2459.56
2025-09-15,90005,1387.5,1391.5,1360.6,148775,2479.53
2025-09-16,90005,1396.5,1406.2,1363.5,178273,2483.42
2025-09-17,90005,1393.3,1420.5,1385.5,107771,2477.92
2025-09-18,90005,1415.8,1444.4,1408.8,84772,2495.05
2025-09-19,90005,1422.3,1450.5,1405.9,107498,2502.1
2025-09-22,90005,1436.0,1443.6,1429.0,153957,2525.9
2025-09-23,90005,1405.5,1426.2,1371.0,138363,2529.31
2025-09-24,90005,1404.7,1421.1,1388.1,138190,2511.42
2025-09-25,90005,1410.7,1445.7,1390.6,111326,2491.51
2025-09-26,90005,1414.2,1438.3,1404.0,105283,2516.94
2025-09-29,90005,1428.2,1461.8,1410.6,112678,2543.74
2025-09-30,90005,1423.3,1430.9,1388.2,154633,2541.64
2025-10-01,90005,1424.3,1441.9,1405.4,161055,2536.44
2025-10-02,90005,1441.5,1470.0,1438.4,84378,2559.42
2025-10-03,90005,1409.4,1424.1,1398.7,156696,2543.11
2025-10-06,90005,1418.0,1441.5,1383.3,95558,2530.13
2025-10-07,90005,1413.6,1433.1,1378.6,141403,2540.55
2025-10-08,90005,1401.1,1435.8,1391.5,112202,2535.17
2025-10-09,90005,1406.1,1414.5,1383.4,207580,2535.73
2025-10-10,90005,1423.8,1457.2,1418.4,103665,2533.88
2025-10-13,90005,1439.0,1455.1,1417.0,127741,2539.65
2025-10-14,90005,1437.3,1455.7,1430.3,148383,2561.83
2025-10-15,90005,1450.3,1470.8,1420.1,88376,2563.86
2025-10-16,90005,1463.3,1475.1,1428.7,116978,2574.43
2025-10-17,90005,1462.3,1497.6,1453.6,109309,2543.59
2025-10-20,90005,1452.5,1485.9,1434.2,100248,2543.48
2025-10-21,90005,1443.6,1478.8,1437.4,102882,2531.28
2025-10-22,90005,1456.1,1492.4,1441.8,177096,2513.46
2025-10-23,90005,1455.8,1481.2,1450.7,97319,2500.88
2025-10-24,90005,1441.0,1458.8,1429.3,146311,2496.5
2025-10-27,90005,1417.2,1447.8,1382.1,133967,2510.88
2025-10-28,90005,1429.4,1433.0,1425.0,73592,2491.6
2025-10-29,90005,1421.9,1452.0,1391.0,143911,2492.68
2025-10-30,90005,1426.9,1446.1,1421.5,73168,2486.07
2025-10-31,90005,1445.0,1470.3,1424.6,149504,2481.81
2025-11-03,90005,1426.6,1441.7,1408.9,100481,2497.41
2025-11-04,90005,1426.2,1441.2,1392.8,120351,2506.11
2025-11-05,90005,1424.1,1428.0,1414.7,76286,2526.94
2025-11-06,90005,1429.8,1446.6,1421.1,125251,2525.23
2025-11-07,90005,1448.0,1464.5,1420.2,165989,2515.33
2025-11-10,90005,1429.2,1439.4,1402.5,90473,2512.58
2025-11-11,90005,1437.7,1448.7,1411.7,97026,2516.87
2025-11-12,90005,1452.9,1475.3,1449.1,140697,2520.17
2025-11-13,90005,1450.5,1464.0,1438.9,141933,2504.45
2025-11-14,90005,1448.8,1479.4,1417.9,51189,2506.44
2025-11-17,90005,1455.2,1461.9,1432.2,242956,2510.5
2025-11-18,90005,1460.6,1482.9,1437.4,144385,2549.35
2025-11-19,90005,1469.4,1477.8,1456.5,153149,2578.86
2025-11-20,90005,1478.0,1498.9,1466.2,114120,2566.33
2025-11-21,90005,1463.9,1485.4,1429.1,62684,2562.55
2025-11-24,90005,1478.8,1503.6,1451.1,151964,2540.79
2025-11-25,90005,1496.5,1514.2,1489.1,98462,2532.43
2025-11-26,90005,1499.6,1520.2,1464.2,145164,2537.86
2025-11-27,90005,1477.7,1486.8,1454.9,111153,2556.93
2025-11-28,90005,1476.3,1495.0,1462.0,130425,2546.41
2025-12-01,90005,1479.5,1495.2,1463.0,91491,2537.07
2025-12-02,90005,1463.0,1488.3,1435.7,162394,2505.22
2025-12-03,90005,1458.0,1475.5,1442.5,79166,2503.4
2025-12-04,90005,1438.0,1466.6,1415.9,263338,2488.11
2025-12-05,90005,1447.0,1464.1,1420.5,262637,2480.84
2025-12-08,90005,1449.8,1460.5,1440.3,212498,2468.44
2025-12-09,90005,1426.4,1438.2,1392.6,187524,2467.66
2025-12-10,90005,1431.7,1436.1,1417.2,116500,2442.38
2025-12-11,90005,1431.3,1451.9,1414.6,180509,2421.59
2025-12-12,90005,1439.0,1469.4,1413.0,116027,2453.33
2025-12-15,90005,1433.7,1461.9,1410.7,69669,2435.06
2025-12-16,90005,1422.5,1439.7,1405.3,203082,2419.7
2025-12-17,90005,1411.9,1421.1,1388.0,178141,2447.13
2025-12-18,90005,1404.7,1435.4,1372.7,118690,2490.78
2025-12-19,90005,1405.2,1409.9,1376.6,78153,2473.95
2025-12-22,90005,1407.6,1423.4,1378.1,97741,2469.1
2025-12-23,90005,1405.2,1435.7,1394.1,63439,2474.79
2025-12-24,90005,1399.6,1415.1,1383.3,167046,2501.22
2025-12-25,90005,1395.0,1401.6,1374.5,68465,2487.07
2025-12-26,90005,1430.8,1442.4,1426.4,132672,2484.04
2025-12-29,90005,1420.1,1442.5,1392.1,89317,2496.27
2025-12-30,90005,1412.5,1420.3,1399.2,72831,2503.42
2025-12-31,90005,1460.1,1485.0,1447.7,130440,2498.4
2026-01-01,90005,1466.6,1484.3,1454.9,106768,2497.02
2026-01-02,90005,1446.8,1460.8,1434.5,160912,2477.12
2026-01-05,90005,1459.4,1470.4,1445.1,77001,2474.2
2026-01-06,90005,1446.5,1476.8,1423.5,92059,2470.87
2026-01-07,90005,1460.0,1476.2,1437.5,52029,2474.93
2026-01-08,90005,1457.3,1484.9,1445.8,55866,2467.32
2026-01-09,90005,1451.2,1468.8,1441.4,225170,2474.93
2026-01-12,90005,1475.0,1481.1,1444.1,248825,2490.63
2026-01-13,90005,1483.7,1501.7,1477.6,123958,2493.58
2026-01-14,90005,1498.6,1519.1,1477.9,89940,2499.47
2026-01-15,90005,1505.4,1524.3,1484.4,108097,2500.9
2026-01-16,90005,1499.1,1530.2,1476.3,162917,2501.52
2026-01-19,90005,1508.6,1543.2,1474.9,100228,2491.34
2026-01-20,90005,1527.3,1558.0,1502.3,130407,2496.7
2026-01-21,90005,1529.7,1553.3,1492.4,119465,2495.87
2026-01-22,90005,1557.9,1580.4,1523.5,98337,2528.04
2026-01-23,90005,1571.5,1598.0,1560.6,99815,2552.66
2026-01-26,90005,1575.2,1588.8,1563.3,132974,2559.21
2026-01-27,90005,1579.5,1612.2,1563.8,85249,2548.16
2026-01-28,90005,1582.0,1616.4,1564.6,140554,2531.84
2026-01-29,90005,1562.7,1575.4,1539.7,101741,2550.64
2026-01-30,90005,1561.6,1597.2,1550.2,125470,2555.3
2026-02-02,90005,1189.7,1215.3,1181.3,194781,2563.31
2026-02-03,90005,1185.1,1199.0,1172.3,113139,2537.26
2026-02-04,90005,1189.3,1216.6,1168.6,165574,2552.05
2026-02-05,90005,1189.8,1195.5,1168.6,64089,2559.66
2026-02-06,90005,1199.3,1202.5,1170.0,101785,2543.3
2026-02-09,90005,1207.6,1219.7,1199.6,121168,2536.75
2026-02-10,90005,1209.9,1228.0,1196.5,235252,2541.4
2026-02-11,90005,1193.7,1205.7,1164.8,60431,2542.84
2026-02-12,90005,1215.5,1244.3,1193.8,116026,2539.02
2026-02-13,90005,1214.1,1223.6,1195.1,199803,2538.08
2026-02-16,90005,1213.4,1223.6,1195.9,91170,2534.87
2026-02-17,90005,1209.5,1229.6,1205.0,111385,2537.83
2026-02-18,90005,1203.9,1206.4,1176.7,134774,2560.98
2026-02-19,90005,1222.9,1245.8,1202.8,128005,2522.47
2026-02-20,90005,1240.2,1253.5,1221.4,207578,2519.52
2026-02-23,90005,1246.0,1276.5,1228.0,140394,2522.82
2026-02-24,90005,1244.9,1267.2,1231.2,190988,2527.93
2026-02-25,90005,1252.9,1257.0,1243.1,105793,2522.93
2026-02-26,90005,1254.1,1259.3,1229.8,92601,2497.1
2026-02-27,90005,1252.0,1257.1,1234.9,110884,2502.65
2026-03-02,90005,1256.6,1286.6,1253.1,79982,2529.35
2026-03-03,90005,1251.3,1273.5,1237.3,142126,2506.81
2026-03-04,90005,1254.7,1269.6,1225.4,104839,2520.46
2026-03-05,90005,1257.6,1265.9,1244.2,94856,2516.13
2026-03-06,90005,1265.5,1293.4,1250.9,142882,2515.83
2026-03-09,90005,1257.9,1266.3,1237.4,80414,2500.61
2026-03-10,90005,1267.2,1290.3,1241.3,157144,2496.22
2026-03-11,90005,1256.0,1280.6,1234.2,101501,2516.4
2026-03-12,90005,1249.1,1260.1,1222.2,180039,2525.84
2026-03-13,90005,1242.8,1259.7,1237.1,104588,2552.87
2026-03-16,90005,1229.8,1238.6,1201.2,149704,2571.61
2026-03-17,90005,1242.6,1256.0,1214.3,127783,2579.04
2026-03-18,90005,1230.9,1260.7,1213.8,155688,2606.82
2026-03-19,90005,1222.6,1244.6,1202.6,124707,2614.35
2026-03-20,90005,1238.3,1264.9,1229.8,67040,2628.03
2026-03-23,90005,1231.6,1249.3,1216.4,170813,2624.01
2026-03-24,90005,1229.5,1238.7,1221.3,116373,2625.72
2026-03-25,90005,1217.4,1239.8,1214.4,158194,2615.41
2026-03-26,90005,1227.9,1244.5,1197.7,152792,2631.64
2026-03-27,90005,1238.6,1246.1,1228.7,91545,2613.75
2026-03-30,90005,1248.0,1262.4,1228.5,87122,2626.71
2026-03-31,90005,1255.0,1275.9,1243.9,150937,2624.36
2026-04-01,90005,1256.2,1280.0,1243.0,107916,2643.53
2026-04-02,90005,1250.0,1259.4,1236.0,166541,2656.13
2026-04-03,90005,1240.1,1267.5,1228.0,112744,2685.97
2026-04-06,90005,1256.5,1269.9,1235.5,171689,2698.45
2026-04-07,90005,1266.4,1276.8,1235.9,139163,2673.79
2026-04-08,90005,1257.9,1266.1,1243.0,132725,2673.38
2026-04-09,90005,1258.7,1284.5,1228.0,105276,2655.31
2026-04-10,90005,1255.2,1267.9,1233.4,130170,2647.73
2026-04-13,90005,1241.4,1257.7,1221.6,182179,2672.52
2026-04-14,90005,1243.9,1252.7,1234.6,117744,2683.43
2026-04-15,90005,1239.0,1261.0,1234.7,144517,2672.87
2026-04-16,90005,1227.5,1252.0,1201.0,121963,2657.32
2026-04-17,90005,1209.7,1221.6,1191.4,125349,2658.51
2026-04-20,90005,1191.2,1219.5,1177.5,219353,2639.84
2026-04-21,90005,1187.1,1190.3,1162.5,182746,2629.88
2026-04-22,90005,1186.3,1192.3,1175.5,123381,2635.47
2026-04-23,90005,1176.3,1194.5,1152.7,129353,2654.47
2026-04-24,90005,1184.2,1205.7,1172.9,93863,2664.85
2026-04-27,90005,1183.7,1192.9,1156.2,112950,2629.12
2026-04-28,90005,1190.8,1208.3,1181.1,133724,2634.58
2026-04-29,90005,1188.9,1200.0,1182.7,161613,2636.38
2026-04-30,90005,1179.8,1197.2,1158.5,155978,2643.6
2026-05-01,90005,1181.4,1201.7,1174.6,81389,2670.02
2026-05-04,90005,1168.3,1196.8,1140.4,168921,2637.83
2026-05-05,90005,1176.3,1191.0,1156.2,116328,2629.15
2026-05-06,90005,1167.0,1186.8,1158.5,84948,2639.15
2026-05-07,90005,1179.5,1197.5,1171.5,191564,2614.88
2026-05-08,90005,1177.2,1188.2,1149.8,200264,2638.8
2026-05-11,90005,1191.5,1200.8,1172.5,131604,2645.3
2026-05-12,90005,1179.9,1209.1,1153.3,153787,2659.43
2026-05-13,90005,1173.6,1181.5,1168.3,156976,2651.0
2026-05-14,90005,1179.8,1203.6,1152.3,195588,2664.64
2026-05-15,90005,908.5,913.4,895.8,154828,2682.45
2026-05-18,90005,925.1,944.1,909.0,75399,2686.87
2026-05-19,90005,926.8,932.6,917.0,242481,2691.33
2026-05-20,90005,945.4,968.2,942.2,174246,2696.37
2026-05-21,90005,944.0,960.7,921.3,100399,2683.11
2026-05-22,90005,955.8,959.7,932.0,83690,2681.41
2026-05-25,90005,948.2,965.1,938.3,143190,2679.62
2026-05-26,90005,953.5,968.6,930.9,108864,2686.47
2026-05-27,90005,932.7,941.9,927.3,134691,2703.31
2026-05-28,90005,923.7,931.1,918.5,155661,2686.86
2026-05-29,90005,929.3,946.5,925.9,98419,2685.52
2026-06-01,90005,918.5,936.0,908.4,81195,2710.17
2026-06-02,90005,923.7,932.5,920.7,137349,2698.78
2026-06-03,90005,933.5,954.2,923.1,99564,2686.17
2026-06-04,90005,930.1,937.8,925.3,126295,2690.11
2026-06-05,90005,922.5,925.8,905.1,74987,2704.45
2026-06-08,90005,919.4,933.9,899.9,109862,2705.31
2026-06-09,90005,911.8,915.9,895.6,154118,2727.65
2026-06-10,90005,912.2,919.8,906.1,148349,2742.39
2026-06-11,90005,914.4,926.9,896.5,91064,2756.97
2026-06-12,90005,912.9,920.7,905.8,79726,2766.84
2026-06-15,90005,929.6,936.1,911.5,120663,2806.46
2026-06-16,90005,924.2,941.0,910.3,146036,2803.7
2026-06-17,90005,938.5,952.2,928.7,138283,2770.89
2026-06-18,90005,930.1,949.9,926.4,100307,2798.39
2026-06-19,90005,932.1,946.4,912.5,133183,2791.42
2026-06-22,90005,944.5,956.9,922.2,203022,2793.92
2026-06-23,90005,956.6,964.3,940.0,128932,2816.67
2026-06-24,90005,953.9,973.2,930.8,67754,2790.42
2026-06-25,90005,960.6,966.8,938.0,128845,2770.23
2026-06-26,90005,966.0,973.3,959.7,245396,2744.43
2026-06-29,90005,962.1,982.7,944.0,76470,2732.07
2026-06-30,90005,969.4,987.8,959.7,121254,2739.97
2026-07-01,90005,989.0,1004.9,975.9,110860,2749.29
2026-07-02,90005,995.1,998.0,989.4,124095,2754.54
2026-07-03,90005,1002.1,1007.0,977.6,128442,2731.97
2026-07-06,90005,1010.3,1023.9,991.3,178838,2695.04
2026-07-07,90005,997.0,1016.0,988.8,123614,2696.59
2026-07-08,90005,1003.0,1015.7,992.4,187641,2689.64
2026-07-09,90005,994.2,996.6,982.5,115158,2697.74
2026-07-10,90005,989.7,995.9,970.7,106159,2709.8
2026-07-13,90005,1012.7,1028.4,989.1,94943,2712.73
2026-07-14,90005,1011.6,1029.7,1002.1,63529,2725.81
2026-07-15,90005,1005.5,1008.3,992.6,132160,2730.24
2026-07-16,90005,1018.6,1021.6,1002.6,246260,2739.62
2026-07-17,90005,1010.3,1018.4,999.2,140875,2728.75
2026-07-20,90005,1007.2,1011.1,993.5,152605,2726.49
2026-07-21,90005,1021.2,1036.0,1016.7,103848,2730.39
2026-07-22,90005,1023.1,1028.1,1017.1,110164,2744.56
2026-07-23,90005,1008.6,1025.6,997.3,169375,2738.76
2026-07-24,90005,1015.5,1035.7,992.1,242386,2748.03
2026-07-27,90005,1012.9,1037.5,1002.7,202001,2744.33
2026-07-28,90005,1030.0,1054.5,1022.0,159067,2743.09
2026-07-29,90005,1025.2,1033.7,1005.6,121485,2757.46
2026-07-30,90005,1037.4,1040.1,1012.7,129139,2725.36
2026-07-31,90005,1057.4,1067.6,1044.2,92181,2704.92
2025-01-06,90006,2915.2,2978.7,2847.9,231663,2505.2
2025-01-07,90006,2851.1,2919.7,2822.2,313649,2490.24
2025-01-08,90006,2854.8,2877.4,2792.8,335375,2502.1
2025-01-09,90006,2839.0,2884.6,2818.0,134334,2516.89
2025-01-10,90006,2757.7,2781.0,2707.3,242091,2488.22
2025-01-13,90006,2756.4,2803.1,2745.3,293645,2469.48
2025-01-14,90006,2739.7,2751.1,2672.1,254593,2471.99
2025-01-15,90006,2677.0,2727.6,2612.9,400169,2467.92
2025-01-16,90006,2658.1,2689.1,2625.7,187509,2468.29
2025-01-17,90006,2641.9,2682.8,2604.7,122033,2456.3
2025-01-20,90006,2610.3,2617.0,2569.2,331980,2469.91
2025-01-21,90006,2659.9,2707.8,2637.7,207157,2482.09
2025-01-22,90006,2561.3,2595.7,2516.5,135094,2483.69
2025-01-23,90006,2462.3,2502.7,2417.9,236507,2501.17
2025-01-24,90006,2463.2,2486.1,2428.6,384581,2508.82
2025-01-27,90006,2468.7,2481.9,2455.4,160665,2496.55
2025-01-28,90006,2489.5,2519.4,2431.9,566263,2502.7
2025-01-29,90006,2463.6,2522.0,2452.1,186457,2488.97
2025-01-30,90006,2419.5,2437.0,2379.6,257730,2502.75
2025-01-31,90006,2419.8,2462.3,2409.3,163165,2502.62
2025-02-03,90006,2399.3,2406.8,2386.4,253667,2500.47
2025-02-04,90006,2475.6,2521.5,2469.5,238566,2490.9
2025-02-05,90006,2460.4,2478.8,2434.9,148433,2509.87
2025-02-06,90006,2458.5,2488.9,2417.4,672162,2508.17
2025-02-07,90006,2584.0,2611.1,2547.9,210207,2502.35
2025-02-10,90006,2574.8,2586.6,2529.7,210271,2497.7
2025-02-11,90006,2604.3,2630.2,2558.7,350942,2506.31
2025-02-12,90006,2639.0,2665.5,2625.2,471750,2512.44
2025-02-13,90006,2678.7,2716.2,2669.8,370818,2519.3
2025-02-14,90006,2695.1,2760.7,2650.9,164193,2526.46
2025-02-17,90006,2706.3,2741.0,2660.3,269435,2559.77
2025-02-18,90006,2712.6,2775.1,2672.4,129409,2554.17
2025-02-19,90006,2682.3,2716.2,2661.8,342769,2546.97
2025-02-20,90006,2700.7,2712.7,2644.9,141054,2535.2
2025-02-21,90006,2813.3,2833.9,2802.8,188734,2545.22
2025-02-24,90006,2883.1,2915.9,2835.5,249720,2563.16
2025-02-25,90006,2901.6,2929.1,2887.8,292134,2562.05
2025-02-26,90006,2952.6,3017.3,2902.2,228179,2549.81
2025-02-27,90006,2902.6,2953.7,2868.9,425446,2537.86
2025-02-28,90006,2888.3,2932.5,2834.9,322013,2548.42
2025-03-03,90006,2944.5,2983.7,2935.1,313285,2560.45
2025-03-04,90006,3034.3,3068.1,2989.5,162580,2569.45
2025-03-05,90006,2988.8,3036.8,2972.8,453157,2559.85
2025-03-06,90006,2960.9,2975.3,2908.5,188743,2564.06
2025-03-07,90006,3093.9,3111.6,3079.1,459252,2566.5
2025-03-10,90006,3100.8,3128.6,3089.3,507364,2570.51
2025-03-11,90006,3216.9,3236.0,3157.7,299133,2584.63
2025-03-12,90006,3231.2,3288.0,3220.0,358764,2588.75
2025-03-13,90006,3248.1,3256.5,3224.8,84981,2599.97
2025-03-14,90006,3229.3,3247.7,3161.6,233506,2601.67
2025-03-17,90006,3291.7,3366.7,3223.9,367682,2606.84
2025-03-18,90006,3383.4,3467.8,3310.1,345516,2617.39
2025-03-19,90006,3315.1,3358.9,3283.6,163131,2595.25
2025-03-20,90006,3292.8,3336.9,3246.2,225576,2590.93
2025-03-21,90006,3354.6,3421.0,3288.2,102897,2584.27
2025-03-24,90006,3346.9,3356.4,3329.7,288879,2575.03
2025-03-25,90006,3315.0,3354.2,3253.2,129320,2571.42
2025-03-26,90006,3383.7,3398.2,3369.3,371343,2595.24
2025-03-27,90006,3460.2,3499.0,3380.6,378196,2582.44
2025-03-28,90006,3430.3,3514.7,3373.1,211755,2598.13
2025-03-31,90006,3445.9,3512.5,3399.9,300037,2572.68
2025-04-01,90006,3364.6,3447.6,3320.4,231707,2568.15
2025-04-02,90006,3305.9,3369.2,3285.5,272088,2571.3
2025-04-03,90006,3315.1,3368.1,3282.1,167322,2581.01
2025-04-04,90006,3318.2,3382.4,3256.0,310857,2592.7
2025-04-07,90006,3255.6,3311.5,3208.6,140758,2605.72
2025-04-08,90006,3210.3,3251.0,3164.8,131760,2600.92
2025-04-09,90006,3143.6,3171.0,3123.2,239555,2594.37
2025-04-10,90006,3173.3,3217.6,3116.5,232182,2608.41
2025-04-11,90006,3051.7,3076.0,3018.1,274998,2606.07
2025-04-14,90006,2991.5,3031.0,2972.9,199164,2586.84
2025-04-15,90006,2882.9,2898.4,2814.6,483694,2569.95
2025-04-16,90006,2908.1,2951.7,2868.4,264455,2556.45
2025-04-17,90006,2805.9,2827.4,2766.3,271230,2564.73
2025-04-18,90006,2808.6,2833.1,2739.6,267867,2567.57
2025-04-21,90006,2903.1,2942.2,2872.8,355128,2578.87
2025-04-22,90006,3002.8,3020.0,2931.6,305841,2572.91
2025-04-23,90006,2897.1,2967.0,2845.0,291828,2576.0
2025-04-24,90006,2915.3,2951.1,2867.0,323453,2586.34
2025-04-25,90006,2859.1,2888.0,2838.0,132005,2582.19
2025-04-28,90006,2792.5,2800.0,2783.6,133762,2589.92
2025-04-29,90006,2787.0,2846.6,2753.4,243432,2580.3
2025-04-30,90006,2857.2,2904.0,2850.8,233288,2575.33
2025-05-01,90006,2892.5,2926.0,2882.0,306247,2570.08
2025-05-02,90006,2852.3,2874.1,2807.5,251757,2552.34
2025-05-05,90006,2893.7,2949.1,2839.7,306468,2560.45
2025-05-06,90006,2767.5,2833.2,2751.3,161661,2553.89
2025-05-07,90006,2727.0,2756.3,2675.6,249061,2554.72
2025-05-08,90006,2683.2,2696.9,2619.2,156349,2562.74
2025-05-09,90006,2688.2,2700.4,2636.9,286248,2570.26
2025-05-12,90006,2678.2,2683.9,2624.5,129549,2581.18
2025-05-13,90006,2671.4,2722.4,2623.0,282412,2580.31
2025-05-14,90006,2662.9,2728.3,2643.8,149502,2574.4
2025-05-15,90006,2664.9,2731.0,2637.4,218596,2573.82
2025-05-16,90006,2694.6,2748.6,2630.4,341957,2548.53
2025-05-19,90006,2703.5,2719.0,2657.0,270708,2527.13
2025-05-20,90006,2689.0,2754.8,2634.8,140538,2507.78
2025-05-21,90006,2711.5,2737.3,2645.6,197575,2493.44
2025-05-22,90006,2757.5,2784.1,2737.3,147817,2500.05
2025-05-23,90006,2727.8,2776.4,2702.1,138143,2487.13
2025-05-26,90006,2725.4,2733.9,2679.5,260510,2482.11
2025-05-27,90006,2790.3,2848.9,2783.1,304163,2502.16
2025-05-28,90006,2730.2,2798.3,2688.9,291684,2497.44
2025-05-29,90006,2831.4,2887.6,2773.1,308703,2509.15
2025-05-30,90006,2757.4,2812.5,2713.2,248959,2495.75
2025-06-02,90006,2739.3,2769.3,2715.2,227187,2493.3
2025-06-03,90006,2688.5,2698.0,2638.4,171723,2479.75
2025-06-04,90006,2809.6,2866.4,2794.5,214312,2475.33
2025-06-05,90006,2782.3,2826.1,2719.5,157431,2488.47
2025-06-06,90006,2755.4,2818.5,2743.5,185982,2463.42
2025-06-09,90006,2735.9,2748.6,2676.1,257903,2470.47
2025-06-10,90006,2741.9,2766.6,2705.0,239901,2474.62
2025-06-11,90006,2724.8,2752.8,2692.5,730782,2466.43
2025-06-12,90006,2718.4,2766.5,2681.6,156089,2445.73
2025-06-13,90006,2533.9,2584.8,2517.1,239290,2447.4
2025-06-16,90006,2537.5,2598.7,2505.7,151889,2440.25
2025-06-17,90006,2539.2,2561.5,2484.5,218270,2444.27
2025-06-18,90006,2593.3,2627.9,2540.3,221401,2445.2
2025-06-19,90006,2662.9,2670.0,2647.5,336019,2469.43
2025-06-20,90006,2653.7,2674.4,2607.3,213594,2466.5
2025-06-23,90006,2698.2,2726.8,2639.6,233807,2452.02
2025-06-24,90006,2640.2,2681.5,2585.1,215045,2455.27
2025-06-25,90006,2681.8,2716.2,2650.2,153100,2459.13
2025-06-26,90006,2652.1,2679.6,2643.8,198984,2479.88
2025-06-27,90006,2590.7,2633.1,2530.1,218717,2492.96
2025-06-30,90006,2581.9,2636.3,2553.2,256543,2498.93
2025-07-01,90006,2656.0,2676.1,2628.7,304019,2521.6
2025-07-02,90006,2666.5,2692.8,2614.6,230292,2504.3
2025-07-03,90006,2748.3,2798.4,2726.1,228880,2495.33
2025-07-04,90006,2708.3,2762.2,2650.9,136889,2482.12
2025-07-07,90006,2766.5,2824.5,2756.1,301982,2476.94
2025-07-08,90006,2731.4,2750.1,2679.4,195957,2457.18
2025-07-09,90006,2744.6,2784.1,2678.1,324717,2467.18
2025-07-10,90006,2757.3,2819.9,2688.7,396317,2464.5
2025-07-11,90006,2794.9,2825.7,2729.9,234086,2443.46
2025-07-14,90006,2809.8,2843.2,2747.9,174740,2429.23
2025-07-15,90006,2769.4,2837.7,2746.1,248543,2434.41
2025-07-16,90006,2819.4,2832.4,2751.1,282451,2447.29
2025-07-17,90006,2919.7,2972.9,2851.5,223861,2477.41
2025-07-18,90006,2886.6,2948.9,2845.4,205212,2521.73
2025-07-21,90006,2783.4,2798.7,2752.1,304507,2528.64
2025-07-22,90006,2812.2,2864.1,2799.5,297559,2514.3
2025-07-23,90006,2794.5,2830.3,2750.9,221463,2482.96
2025-07-24,90006,2788.0,2848.3,2737.5,140125,2487.58
2025-07-25,90006,2820.0,2884.5,2788.2,293299,2476.09
2025-07-28,90006,2795.3,2856.9,2763.6,191119,2470.55
2025-07-29,90006,2781.1,2790.8,2738.9,269476,2462.11
2025-07-30,90006,2776.4,2830.3,2769.0,263582,2460.64
2025-07-31,90006,2860.1,2926.4,2791.3,129066,2477.05
2025-08-01,90006,2862.6,2909.3,2837.8,257196,2480.0
2025-08-04,90006,2793.6,2837.8,2779.0,299330,2478.26
2025-08-05,90006,2728.4,2736.7,2722.6,312456,2463.53
2025-08-06,90006,2736.8,2796.2,2677.4,260483,2439.51
2025-08-07,90006,2676.5,2684.7,2618.0,125141,2433.01
2025-08-08,90006,2594.9,2618.8,2584.1,390895,2432.83
2025-08-11,90006,2628.9,2690.2,2614.5,288680,2459.39
2025-08-12,90006,2666.0,2729.5,2633.2,164070,2461.93
2025-08-13,90006,2647.2,2712.9,2630.6,189756,2477.11
2025-08-14,90006,2663.6,2698.1,2613.2,271073,2470.32
2025-08-15,90006,2674.4,2690.7,2665.5,317153,2453.43
2025-08-18,90006,2707.7,2743.5,2668.0,210750,2439.87
2025-08-19,90006,2741.4,2753.4,2711.8,333750,2429.89
2025-08-20,90006,2603.0,2660.4,2569.9,133485,2461.73
2025-08-21,90006,2591.3,2629.9,2560.8,173573,2450.24
2025-08-22,90006,2619.0,2648.6,2604.6,121380,2463.22
2025-08-25,90006,2598.4,2608.4,2580.0,182612,2450.52
2025-08-26,90006,2601.1,2630.5,2592.0,423811,2464.87
2025-08-27,90006,2641.2,2699.1,2628.9,513726,2471.19
2025-08-28,90006,2646.3,2694.4,2581.5,271392,2469.48
2025-08-29,90006,2728.1,2738.8,2705.1,199938,2469.5
2025-09-01,90006,2791.2,2807.0,2765.9,231339,2460.43
2025-09-02,90006,2785.4,2816.1,2771.7,295045,2467.64
2025-09-03,90006,2775.2,2787.2,2721.4,144664,2461.53
2025-09-04,90006,2622.2,2683.8,2561.2,204606,2444.1
2025-09-05,90006,2605.9,2650.2,2553.4,413093,2426.04
2025-09-08,90006,2537.1,2547.7,2496.3,173375,2429.16
2025-09-09,90006,2549.1,2600.4,2496.3,192347,2452.9
2025-09-10,90006,2557.7,2584.5,2528.8,251157,2455.87
2025-09-11,90006,2594.3,2614.1,2537.8,276044,2454.74
2025-09-12,90006,2668.6,2708.9,2614.2,200880,2459.56
2025-09-15,90006,2668.0,2674.2,2662.6,256825,2479.53
2025-09-16,90006,2793.3,2828.8,2756.4,309277,2483.42
2025-09-17,90006,2807.2,2867.3,2784.5,496691,2477.92
2025-09-18,90006,2735.4,2799.3,2724.5,239194,2495.05
2025-09-19,90006,2705.6,2732.4,2647.6,246412,2502.1
2025-09-22,90006,2686.4,2731.4,2680.5,426694,2525.9
2025-09-23,90006,2719.2,2738.8,2668.1,206283,2529.31
2025-09-24,90006,2668.9,2708.7,2602.9,157265,2511.42
2025-09-25,90006,2653.9,2674.7,2619.1,272884,2491.51
2025-09-26,90006,2646.1,2686.2,2618.3,364352,2516.94
2025-09-29,90006,2623.3,2638.9,2581.5,283674,2543.74
2025-09-30,90006,2667.0,2730.1,2612.3,241653,2541.64
2025-10-01,90006,2702.3,2762.8,2681.9,150584,2536.44
2025-10-02,90006,2766.9,2793.9,2745.4,244944,2559.42
2025-10-03,90006,2749.5,2804.1,2705.6,384931,2543.11
2025-10-06,90006,2817.2,2829.1,2750.7,162311,2530.13
2025-10-07,90006,2742.2,2794.4,2717.9,229476,2540.55
2025-10-08,90006,2667.9,2690.6,2639.5,218293,2535.17
2025-10-09,90006,2604.7,2618.1,2540.0,195833,2535.73
2025-10-10,90006,2606.0,2651.9,2590.2,272662,2533.88
2025-10-13,90006,2670.2,2704.4,2660.2,291960,2539.65
2025-10-14,90006,2639.1,2676.5,2598.0,290891,2561.83
2025-10-15,90006,2614.8,2651.3,2608.1,177607,2563.86
2025-10-16,90006,2604.3,2613.1,2588.3,140522,2574.43
2025-10-17,90006,2635.1,2643.5,2592.1,274046,2543.59
2025-10-20,90006,2610.8,2652.2,2566.0,209429,2543.48
2025-10-21,90006,2583.9,2626.1,2548.4,475739,2531.28
2025-10-22,90006,2516.1,2523.8,2488.8,483494,2513.46
2025-10-23,90006,2488.2,2514.8,2450.2,501800,2500.88
2025-10-24,90006,2548.3,2589.3,2505.5,179903,2496.5
2025-10-27,90006,2553.7,2597.3,2501.4,305130,2510.88
2025-10-28,90006,2516.9,2569.9,2466.0,339099,2491.6
2025-10-29,90006,2580.7,2610.8,2536.1,325995,2492.68
2025-10-30,90006,2551.4,2588.7,2493.8,220836,2486.07
2025-10-31,90006,2625.7,2665.9,2569.8,391180,2481.81
2025-11-03,90006,2701.3,2726.1,2687.6,250041,2497.41
2025-11-04,90006,2705.1,2713.9,2640.2,261464,2506.11
2025-11-05,90006,2626.0,2631.5,2566.9,145943,2526.94
2025-11-06,90006,2749.9,2808.3,2724.1,313289,2525.23
2025-11-07,90006,2772.1,2790.4,2765.3,228221,2515.33
2025-11-10,90006,2755.0,2800.5,2711.2,294162,2512.58
2025-11-11,90006,2809.1,2852.0,2775.1,271442,2516.87
2025-11-12,90006,2849.6,2881.5,2794.8,266344,2520.17
2025-11-13,90006,2926.2,2988.2,2885.1,246031,2504.45
2025-11-14,90006,2888.6,2940.8,2877.7,329234,2506.44
2025-11-17,90006,2907.9,2915.3,2885.7,233188,2510.5
2025-11-18,90006,2840.6,2897.0,2777.3,150226,2549.35
2025-11-19,90006,2879.6,2918.9,2871.3,305086,2578.86
2025-11-20,90006,2879.1,2907.9,2824.6,188351,2566.33
2025-11-21,90006,2896.2,2950.4,2871.0,157270,2562.55
2025-11-24,90006,2888.6,2940.0,2852.8,174805,2540.79
2025-11-25,90006,2875.0,2901.3,2834.2,276062,2532.43
2025-11-26,90006,2826.4,2895.9,2804.5,241695,2537.86
2025-11-27,90006,2872.3,2920.9,2823.5,118512,2556.93
2025-11-28,90006,2960.0,3007.2,2906.9,218586,2546.41
2025-12-01,90006,2928.1,2938.7,2916.6,376414,2537.07
2025-12-02,90006,2961.6,2986.6,2930.2,213472,2505.22
2025-12-03,90006,2988.2,3024.9,2931.1,235932,2503.4
2025-12-04,90006,2989.6,3038.9,2934.0,360145,2488.11
2025-12-05,90006,2900.6,2940.6,2858.4,330260,2480.84
2025-12-08,90006,2826.9,2882.2,2770.7,357477,2468.44
2025-12-09,90006,2783.9,2806.3,2771.5,94733,2467.66
2025-12-10,90006,2668.1,2716.6,2655.5,458607,2442.38
2025-12-11,90006,2745.2,2802.2,2698.2,312373,2421.59
2025-12-12,90006,2766.3,2820.5,2716.6,591686,2453.33
2025-12-15,90006,2765.4,2820.0,2708.1,190118,2435.06
2025-12-16,90006,2647.7,2707.1,2631.4,134862,2419.7
2025-12-17,90006,2553.6,2563.7,2518.2,250632,2447.13
2025-12-18,90006,2554.3,2600.3,2510.3,227029,2490.78
2025-12-19,90006,2657.7,2722.3,2638.7,314267,2473.95
2025-12-22,90006,2621.6,2661.5,2585.2,364193,2469.1
2025-12-23,90006,2668.1,2686.8,2623.6,242477,2474.79
2025-12-24,90006,2643.4,2709.4,2625.1,229800,2501.22
2025-12-25,90006,2647.2,2663.1,2619.0,300189,2487.07
2025-12-26,90006,2713.1,2739.4,2694.1,228547,2484.04
2025-12-29,90006,2695.2,2711.2,2633.8,221953,2496.27
2025-12-30,90006,2659.0,2692.7,2639.2,359407,2503.42
2025-12-31,90006,2736.3,2768.2,2723.3,388534,2498.4
2026-01-01,90006,2739.6,2776.1,2732.0,365347,2497.02
2026-01-02,90006,2800.9,2866.3,2792.4,235704,2477.12
2026-01-05,90006,2763.6,2799.6,2745.9,118218,2474.2
2026-01-06,90006,2843.3,2882.7,2797.9,237362,2470.87
2026-01-07,90006,2859.8,2923.9,2852.9,191745,2474.93
2026-01-08,90006,2885.7,2945.7,2860.8,238902,2467.32
2026-01-09,90006,2894.1,2915.9,2884.5,197666,2474.93
2026-01-12,90006,2865.9,2872.5,2833.5,248191,2490.63
2026-01-13,90006,2866.6,2913.9,2857.7,173766,2493.58
2026-01-14,90006,2842.2,2903.1,2796.8,159686,2499.47
2026-01-15,90006,2898.2,2940.8,2846.5,383524,2500.9
2026-01-16,90006,2887.3,2907.1,2832.9,178052,2501.52
2026-01-19,90006,2803.0,2856.4,2782.9,250029,2491.34
2026-01-20,90006,2711.2,2758.4,2651.6,349163,2496.7
2026-01-21,90006,2620.0,2659.3,2573.1,344284,2495.87
2026-01-22,90006,2653.4,2711.3,2644.6,330186,2528.04
2026-01-23,90006,2593.7,2645.7,2562.2,277956,2552.66
2026-01-26,90006,2610.1,2655.4,2558.8,322100,2559.21
2026-01-27,90006,2618.0,2663.3,2594.1,404253,2548.16
2026-01-28,90006,2615.4,2660.5,2587.3,290098,2531.84
2026-01-29,90006,2639.3,2676.4,2595.8,131425,2550.64
2026-01-30,90006,2648.4,2682.0,2639.8,207778,2555.3
2026-02-02,90006,2509.5,2555.4,2448.6,318999,2563.31
2026-02-03,90006,2494.0,2534.0,2479.0,200733,2537.26
2026-02-04,90006,2516.1,2549.5,2509.5,440758,2552.05
2026-02-05,90006,2600.8,2613.6,2595.3,244532,2559.66
2026-02-06,90006,2690.8,2739.6,2660.7,257571,2543.3
2026-02-09,90006,2619.2,2663.4,2560.7,370599,2536.75
2026-02-10,90006,2601.7,2627.4,2547.5,234501,2541.4
2026-02-11,90006,2522.3,2548.0,2464.3,265909,2542.84
2026-02-12,90006,2600.9,2620.9,2563.8,342459,2539.02
2026-02-13,90006,2654.9,2719.0,2622.2,149331,2538.08
2026-02-16,90006,2674.4,2732.7,2645.3,226242,2534.87
2026-02-17,90006,2684.1,2724.1,2675.9,334174,2537.83
2026-02-18,90006,2760.1,2791.1,2696.8,255806,2560.98
2026-02-19,90006,2828.6,2882.2,2790.7,417810,2522.47
2026-02-20,90006,2895.8,2936.7,2859.7,144010,2519.52
2026-02-23,90006,2923.2,2994.7,2882.7,138374,2522.82
2026-02-24,90006,2903.7,2913.2,2844.9,327291,2527.93
2026-02-25,90006,2949.5,2957.7,2928.4,338489,2522.93
2026-02-26,90006,2998.9,3044.2,2944.0,233649,2497.1
2026-02-27,90006,2988.4,3008.4,2933.6,287608,2502.65
2026-03-02,90006,2968.4,3015.6,2904.5,324499,2529.35
2026-03-03,90006,3037.4,3098.0,3030.7,188031,2506.81
2026-03-04,90006,3141.1,3157.3,3122.5,195207,2520.46
2026-03-05,90006,3095.3,3132.8,3055.6,267164,2516.13
2026-03-06,90006,3080.0,3134.9,3013.5,343055,2515.83
2026-03-09,90006,3102.6,3168.3,3027.5,166230,2500.61
2026-03-10,90006,3133.9,3175.9,3084.7,233265,2496.22
2026-03-11,90006,3102.2,3123.1,3080.9,229517,2516.4
2026-03-12,90006,3222.3,3272.1,3202.2,289381,2525.84
2026-03-13,90006,3250.6,3291.0,3196.3,249240,2552.87
2026-03-16,90006,3286.3,3351.2,3263.8,206520,2571.61
2026-03-17,90006,3405.0,3455.3,3354.8,387013,2579.04
2026-03-18,90006,3375.5,3404.0,3304.0,207000,2606.82
2026-03-19,90006,3370.6,3435.8,3333.6,225704,2614.35
2026-03-20,90006,3288.1,3333.9,3252.9,143227,2628.03
2026-03-23,90006,3277.8,3297.7,3268.5,194745,2624.01
2026-03-24,90006,3182.6,3230.2,3157.6,299491,2625.72
2026-03-25,90006,3231.5,3308.5,3173.2,279687,2615.41
2026-03-26,90006,3259.7,3319.2,3226.2,308367,2631.64
2026-03-27,90006,3242.7,3271.5,3224.4,303173,2613.75
2026-03-30,90006,3237.2,3296.6,3222.8,519133,2626.71
2026-03-31,90006,3287.8,3315.8,3274.1,192425,2624.36
2026-04-01,90006,3215.0,3261.5,3159.8,141834,2643.53
2026-04-02,90006,3229.1,3274.6,3177.1,173082,2656.13
2026-04-03,90006,3275.6,3300.7,3229.9,195426,2685.97
2026-04-06,90006,3161.8,3193.4,3119.1,177762,2698.45
2026-04-07,90006,3206.4,3282.3,3188.7,258331,2673.79
2026-04-08,90006,3101.7,3125.8,3059.8,387567,2673.38
2026-04-09,90006,3095.4,3158.6,3084.9,428521,2655.31
2026-04-10,90006,3025.1,3077.6,2954.6,298260,2647.73
2026-04-13,90006,3113.9,3158.2,3103.5,528956,2672.52
2026-04-14,90006,3043.5,3059.3,3007.8,220683,2683.43
2026-04-15,90006,2945.6,2965.4,2939.7,141186,2672.87
2026-04-16,90006,2954.4,2972.4,2895.0,361431,2657.32
2026-04-17,90006,2930.9,2976.3,2913.8,131361,2658.51
2026-04-20,90006,2844.9,2914.3,2778.7,191945,2639.84
2026-04-21,90006,2875.8,2939.6,2867.2,299915,2629.88
2026-04-22,90006,2764.3,2771.5,2706.6,241200,2635.47
2026-04-23,90006,2708.5,2730.9,2662.1,233837,2654.47
2026-04-24,90006,2678.3,2693.3,2657.5,165369,2664.85
2026-04-27,90006,2722.4,2789.0,2704.3,249056,2629.12
2026-04-28,90006,2794.7,2815.4,2766.1,355221,2634.58
2026-04-29,90006,2857.9,2876.8,2797.7,251753,2636.38
2026-04-30,90006,2850.0,2896.4,2787.8,186957,2643.6
2026-05-01,90006,2715.8,2755.9,2699.4,161551,2670.02
2026-05-04,90006,2737.9,2757.6,2710.2,188312,2637.83
2026-05-05,90006,2820.5,2869.6,2799.4,286797,2629.15
2026-05-06,90006,2891.8,2904.0,2877.9,281947,2639.15
2026-05-07,90006,2919.6,2926.7,2870.3,188912,2614.88
2026-05-08,90006,2851.8,2862.9,2823.4,115318,2638.8
2026-05-11,90006,2822.8,2852.2,2802.6,289589,2645.3
2026-05-12,90006,2935.0,3006.7,2870.7,182593,2659.43
2026-05-13,90006,2853.9,2895.5,2799.1,318184,2651.0
2026-05-14,90006,2790.0,2844.0,2734.7,191870,2664.64
2026-05-15,90006,2843.9,2870.6,2835.7,176919,2682.45
2026-05-18,90006,2820.3,2872.6,2755.3,263768,2686.87
2026-05-19,90006,2755.3,2822.0,2713.3,570581,2691.33
2026-05-20,90006,2841.6,2870.7,2803.0,324933,2696.37
2026-05-21,90006,2868.8,2940.5,2862.4,262207,2683.11
2026-05-22,90006,2847.8,2895.4,2783.4,283456,2681.41
2026-05-25,90006,2784.2,2837.7,2743.8,135445,2679.62
2026-05-26,90006,2901.4,2924.0,2840.5,168787,2686.47
2026-05-27,90006,2900.9,2949.6,2851.3,103817,2703.31
2026-05-28,90006,2984.0,3025.0,2923.3,458021,2686.86
2026-05-29,90006,3038.7,3111.6,2984.2,426684,2685.52
2026-06-01,90006,3008.1,3076.7,2938.4,286846,2710.17
2026-06-02,90006,2978.3,3011.4,2956.9,262106,2698.78
2026-06-03,90006,3066.6,3139.5,3046.2,145242,2686.17
2026-06-04,90006,3158.6,3229.2,3100.5,231529,2690.11
2026-06-05,90006,3043.1,3090.5,3002.0,468154,2704.45
2026-06-08,90006,3077.7,3089.7,3029.1,261767,2705.31
2026-06-09,90006,3071.2,3088.7,3015.0,205169,2727.65
2026-06-10,90006,3009.3,3020.6,2965.3,135116,2742.39
2026-06-11,90006,3026.0,3039.5,2965.1,405275,2756.97
2026-06-12,90006,2946.3,3018.4,2918.8,243942,2766.84
2026-06-15,90006,2919.8,2939.9,2856.2,135179,2806.46
2026-06-16,90006,2874.4,2925.8,2861.5,180904,2803.7
2026-06-17,90006,2846.6,2894.0,2799.4,159863,2770.89
2026-06-18,90006,2843.4,2890.4,2779.5,238734,2798.39
2026-06-19,90006,2787.1,2805.9,2765.3,268816,2791.42
2026-06-22,90006,2877.0,2921.1,2849.7,209628,2793.92
2026-06-23,90006,2906.4,2954.1,2880.2,328135,2816.67
2026-06-24,90006,3013.6,3059.1,2968.4,256991,2790.42
2026-06-25,90006,3004.8,3023.7,2970.3,362589,2770.23
2026-06-26,90006,2972.9,3028.3,2959.6,220620,2744.43
2026-06-29,90006,3080.3,3091.6,3010.9,725836,2732.07
2026-06-30,90006,3045.8,3093.3,3025.3,205180,2739.97
2026-07-01,90006,3035.8,3072.4,2992.5,182234,2749.29
2026-07-02,90006,3080.8,3104.7,3032.5,174557,2754.54
2026-07-03,90006,3006.4,3068.2,2997.5,232207,2731.97
2026-07-06,90006,3050.4,3068.8,3037.5,136951,2695.04
2026-07-07,90006,3087.1,3159.5,3011.9,277149,2696.59
2026-07-08,90006,3167.4,3238.2,3112.7,128329,2689.64
2026-07-09,90006,3225.3,3258.5,3216.3,264554,2697.74
2026-07-10,90006,3311.2,3341.1,3244.1,155792,2709.8
2026-07-13,90006,3304.9,3321.9,3259.6,218767,2712.73
2026-07-14,90006,3249.3,3324.3,3237.2,308910,2725.81
2026-07-15,90006,3390.4,3446.1,3330.5,559964,2730.24
2026-07-16,90006,3289.4,3298.4,3245.1,171427,2739.62
2026-07-17,90006,3197.9,3241.8,3176.4,237187,2728.75
2026-07-20,90006,3235.2,3248.0,3163.4,194055,2726.49
2026-07-21,90006,3343.1,3393.9,3314.0,184381,2730.39
2026-07-22,90006,3356.8,3402.8,3328.1,194653,2744.56
2026-07-23,90006,3425.6,3438.9,3397.2,333580,2738.76
2026-07-24,90006,3292.5,3360.9,3227.8,210743,2748.03
2026-07-27,90006,3260.7,3286.9,3201.3,549341,2744.33
2026-07-28,90006,3141.7,3187.2,3070.2,289181,2743.09
2026-07-29,90006,3192.1,3245.4,3168.9,175555,2757.46
2026-07-30,90006,3095.8,3170.5,3033.6,219887,2725.36
2026-07-31,90006,3018.6,3058.9,2972.8,188823,2704.92
